id,user_id,order_date,status
1,41,2023-12-05 02:00:00,returned
2,34,2023-12-05 02:00:00,placed
3,3,2023-12-05 02:00:00,completed
4,41,2023-12-05 02:00:00,return_pending
5,20,2023-12-05 02:00:00,completed
6,21,2023-12-05 02:00:00,return_pending
7,6,2023-12-05 02:00:00,completed
8,11,2023-12-05 02:00:00,completed
9,9,2023-12-05 02:00:00,completed
10,31,2023-12-05 02:00:00,completed
11,43,2023-12-05 02:00:00,placed
12,45,2023-12-05 02:00:00,completed
13,8,2023-12-05 02:00:00,returned
14,39,2023-12-05 02:00:00,returned
15,41,2023-12-05 02:00:00,placed
16,18,2023-12-05 02:00:00,completed
17,13,2023-12-05 02:00:00,completed
18,30,2023-12-05 02:00:00,return_pending
19,23,2023-12-05 02:00:00,return_pending
20,37,2023-12-05 02:00:00,shipped
21,24,2023-12-05 02:00:00,return_pending
22,6,2023-12-05 02:00:00,return_pending
23,4,2023-12-05 02:00:00,returned
24,27,2023-12-05 02:00:00,placed
25,10,2023-12-05 02:00:00,completed
26,33,2023-12-05 02:00:00,shipped
27,18,2023-12-05 02:00:00,completed
28,43,2023-12-05 02:00:00,returned
29,35,2023-12-05 02:00:00,completed
30,37,2023-12-05 02:00:00,returned
31,14,2023-12-05 02:00:00,shipped
32,39,2023-12-05 02:00:00,shipped
33,2,2023-12-05 02:00:00,placed
34,40,2023-12-05 02:00:00,completed
35,11,2023-12-05 02:00:00,shipped
36,46,2023-12-05 02:00:00,completed
37,38,2023-12-05 02:00:00,completed
38,19,2023-12-05 02:00:00,return_pending
39,21,2023-12-05 02:00:00,completed
40,38,2023-12-05 02:00:00,completed
41,28,2023-12-05 02:00:00,completed
42,46,2023-12-05 02:00:00,return_pending
43,3,2023-12-05 02:00:00,shipped
44,30,2023-12-05 02:00:00,returned
45,14,2023-12-05 02:00:00,placed
46,39,2023-12-05 02:00:00,returned
47,42,2023-12-05 02:00:00,return_pending
48,26,2023-12-05 02:00:00,completed
49,10,2023-12-05 02:00:00,return_pending
50,46,2023-12-05 02:00:00,return_pending
51,31,2023-12-05 02:00:00,completed
52,25,2023-12-05 02:00:00,return_pending
53,28,2023-12-05 02:00:00,returned
54,27,2023-12-05 02:00:00,returned
55,13,2023-12-05 02:00:00,shipped
56,19,2023-12-05 02:00:00,placed
57,12,2023-12-05 02:00:00,shipped
58,18,2023-12-05 02:00:00,shipped
59,1,2023-12-05 02:00:00,returned
60,45,2023-12-05 02:00:00,shipped
61,24,2023-12-05 02:00:00,returned
62,10,2023-12-05 02:00:00,return_pending
63,12,2023-12-05 02:00:00,placed
64,39,2023-12-05 02:00:00,shipped
65,27,2023-12-05 02:00:00,placed
66,7,2023-12-05 02:00:00,placed
67,6,2023-12-05 02:00:00,placed
68,10,2023-12-05 02:00:00,shipped
69,2,2023-12-05 02:00:00,shipped
70,7,2023-12-05 02:00:00,returned
71,19,2023-12-05 02:00:00,return_pending
72,22,2023-12-05 02:00:00,returned
73,30,2023-12-05 02:00:00,return_pending
74,1,2023-12-05 02:00:00,shipped
75,37,2023-12-05 02:00:00,shipped
76,34,2023-12-05 02:00:00,completed
77,42,2023-12-05 02:00:00,shipped
78,11,2023-12-05 02:00:00,shipped
79,28,2023-12-05 02:00:00,shipped
80,2,2023-12-05 02:00:00,placed
81,12,2023-12-05 02:00:00,return_pending
82,17,2023-12-05 02:00:00,return_pending
83,4,2023-12-05 02:00:00,returned
84,10,2023-12-05 02:00:00,return_pending
85,42,2023-12-05 02:00:00,placed
86,32,2023-12-05 02:00:00,completed
87,19,2023-12-05 02:00:00,placed
88,1,2023-12-05 02:00:00,return_pending
89,1,2023-12-05 02:00:00,returned
90,14,2023-12-05 02:00:00,completed
91,15,2023-12-05 02:00:00,completed
92,9,2023-12-05 02:00:00,return_pending
93,13,2023-12-05 02:00:00,completed
94,13,2023-12-05 02:00:00,placed
95,20,2023-12-05 02:00:00,placed
96,14,2023-12-05 02:00:00,returned
97,16,2023-12-05 02:00:00,return_pending
98,4,2023-12-05 02:00:00,returned
99,6,2023-12-05 02:00:00,completed
100,5,2023-12-05 02:00:00,shipped
101,2,2023-12-05 02:00:00,placed
102,44,2023-12-05 02:00:00,completed
103,19,2023-12-05 02:00:00,returned
104,46,2023-12-05 02:00:00,placed
105,12,2023-12-05 02:00:00,shipped
106,15,2023-12-05 02:00:00,shipped
107,44,2023-12-05 02:00:00,shipped
108,25,2023-12-05 02:00:00,return_pending
109,44,2023-12-05 02:00:00,return_pending
110,24,2023-12-05 02:00:00,return_pending
111,11,2023-12-05 02:00:00,placed
112,18,2023-12-05 02:00:00,return_pending
113,32,2023-12-05 02:00:00,completed
114,44,2023-12-05 02:00:00,placed
115,30,2023-12-05 02:00:00,completed
116,29,2023-12-05 02:00:00,completed
117,34,2023-12-05 02:00:00,returned
118,1,2023-12-05 02:00:00,completed
119,14,2023-12-05 02:00:00,return_pending
120,34,2023-12-05 02:00:00,completed
121,27,2023-12-05 02:00:00,shipped
122,38,2023-12-05 02:00:00,returned
123,31,2023-12-05 02:00:00,return_pending
124,3,2023-12-05 02:00:00,returned
125,3,2023-12-05 02:00:00,placed
126,19,2023-12-05 02:00:00,placed
127,6,2023-12-05 02:00:00,completed
128,41,2023-12-05 02:00:00,shipped
129,39,2023-12-05 02:00:00,completed
130,35,2023-12-05 02:00:00,completed
131,43,2023-12-05 02:00:00,placed
132,26,2023-12-05 02:00:00,returned
133,29,2023-12-05 02:00:00,completed
134,4,2023-12-05 02:00:00,completed
135,2,2023-12-05 02:00:00,return_pending
136,6,2023-12-05 02:00:00,returned
137,4,2023-12-05 02:00:00,completed
138,12,2023-12-05 02:00:00,placed
139,18,2023-12-05 02:00:00,returned
140,42,2023-12-05 02:00:00,return_pending
141,18,2023-12-05 02:00:00,completed
142,2,2023-12-05 02:00:00,shipped
143,5,2023-12-05 02:00:00,returned
144,11,2023-12-05 02:00:00,return_pending
145,38,2023-12-05 02:00:00,shipped
146,5,2023-12-05 02:00:00,shipped
147,11,2023-12-05 02:00:00,placed
148,3,2023-12-05 02:00:00,return_pending
149,33,2023-12-05 02:00:00,placed
150,45,2023-12-05 02:00:00,completed
151,15,2023-12-05 02:00:00,placed
152,12,2023-12-05 02:00:00,returned
153,18,2023-12-05 02:00:00,shipped
154,46,2023-12-05 02:00:00,completed
155,29,2023-12-05 02:00:00,completed
156,46,2023-12-05 02:00:00,returned
157,37,2023-12-05 02:00:00,shipped
158,18,2023-12-05 02:00:00,shipped
159,25,2023-12-05 02:00:00,shipped
160,24,2023-12-05 02:00:00,shipped
161,23,2023-12-05 02:00:00,shipped
162,23,2023-12-05 02:00:00,return_pending
163,21,2023-12-05 02:00:00,completed
164,29,2023-12-05 02:00:00,completed
165,36,2023-12-05 02:00:00,placed
166,42,2023-12-05 02:00:00,shipped
167,13,2023-12-05 02:00:00,placed
168,22,2023-12-05 02:00:00,completed
169,30,2023-12-05 02:00:00,placed
170,36,2023-12-05 02:00:00,return_pending
171,33,2023-12-05 02:00:00,returned
172,21,2023-12-05 02:00:00,completed
173,18,2023-12-05 02:00:00,returned
174,45,2023-12-05 02:00:00,placed
175,7,2023-12-05 02:00:00,shipped
176,42,2023-12-05 02:00:00,return_pending
177,29,2023-12-05 02:00:00,placed
178,5,2023-12-05 02:00:00,completed
179,38,2023-12-05 02:00:00,placed
180,26,2023-12-05 02:00:00,placed
181,26,2023-12-05 02:00:00,placed
182,1,2023-12-05 02:00:00,return_pending
183,22,2023-12-05 02:00:00,returned
184,22,2023-12-05 02:00:00,completed
185,5,2023-12-05 02:00:00,return_pending
186,44,2023-12-05 02:00:00,placed
187,20,2023-12-05 02:00:00,return_pending
188,2,2023-12-05 02:00:00,placed
189,39,2023-12-05 02:00:00,return_pending
190,35,2023-12-05 02:00:00,return_pending
191,30,2023-12-05 02:00:00,completed
192,26,2023-12-05 02:00:00,returned
193,41,2023-12-05 02:00:00,shipped
194,20,2023-12-05 02:00:00,shipped
195,27,2023-12-05 02:00:00,return_pending
196,1,2023-12-05 02:00:00,placed
197,23,2023-12-05 02:00:00,return_pending
198,39,2023-12-05 02:00:00,placed
199,46,2023-12-05 02:00:00,placed
200,8,2023-12-05 02:00:00,placed
201,10,2023-12-05 02:00:00,placed
202,29,2023-12-05 02:00:00,completed
203,6,2023-12-05 02:00:00,returned
204,17,2023-12-05 02:00:00,shipped
205,19,2023-12-05 02:00:00,return_pending
206,38,2023-12-05 02:00:00,completed
207,28,2023-12-05 02:00:00,returned
208,8,2023-12-05 02:00:00,completed
209,31,2023-12-05 02:00:00,completed
210,41,2023-12-05 02:00:00,returned
211,6,2023-12-05 02:00:00,completed
212,32,2023-12-05 02:00:00,returned
213,10,2023-12-05 02:00:00,completed
214,14,2023-12-05 02:00:00,returned
215,21,2023-12-05 02:00:00,returned
216,21,2023-12-05 02:00:00,return_pending
217,3,2023-12-05 02:00:00,return_pending
218,20,2023-12-05 02:00:00,shipped
219,45,2023-12-05 02:00:00,return_pending
220,37,2023-12-05 02:00:00,return_pending
221,23,2023-12-05 02:00:00,placed
222,9,2023-12-05 02:00:00,placed
223,4,2023-12-05 02:00:00,return_pending
224,14,2023-12-05 02:00:00,placed
225,5,2023-12-05 02:00:00,returned
226,41,2023-12-05 02:00:00,completed
227,17,2023-12-05 02:00:00,completed
228,19,2023-12-05 02:00:00,placed
229,36,2023-12-05 02:00:00,return_pending
230,2,2023-12-05 02:00:00,returned
231,12,2023-12-05 02:00:00,returned
232,5,2023-12-05 02:00:00,return_pending
233,2,2023-12-05 02:00:00,returned
234,7,2023-12-05 02:00:00,completed
235,42,2023-12-05 02:00:00,completed
236,36,2023-12-05 02:00:00,return_pending
237,6,2023-12-05 02:00:00,placed
238,17,2023-12-05 02:00:00,return_pending
239,43,2023-12-05 02:00:00,return_pending
240,41,2023-12-05 02:00:00,shipped
241,41,2023-12-05 02:00:00,completed
242,8,2023-12-05 02:00:00,placed
243,30,2023-12-05 02:00:00,completed
244,22,2023-12-05 02:00:00,return_pending
245,32,2023-12-05 02:00:00,return_pending
246,1,2023-12-05 02:00:00,shipped
247,2,2023-12-05 02:00:00,shipped
248,45,2023-12-05 02:00:00,return_pending
249,12,2023-12-05 02:00:00,completed
250,46,2023-12-05 02:00:00,completed
251,5,2023-12-05 02:00:00,shipped
252,29,2023-12-05 02:00:00,return_pending
253,7,2023-12-05 02:00:00,placed
254,45,2023-12-05 02:00:00,completed
255,40,2023-12-05 02:00:00,shipped
256,24,2023-12-05 02:00:00,completed
257,15,2023-12-05 02:00:00,shipped
258,5,2023-12-05 02:00:00,placed
259,14,2023-12-05 02:00:00,completed
260,20,2023-12-05 02:00:00,returned
261,19,2023-12-05 02:00:00,return_pending
262,46,2023-12-05 02:00:00,return_pending
263,24,2023-12-05 02:00:00,shipped
264,18,2023-12-05 02:00:00,return_pending
265,5,2023-12-05 02:00:00,returned
266,39,2023-12-05 02:00:00,completed
267,36,2023-12-05 02:00:00,shipped
268,16,2023-12-05 02:00:00,completed
269,11,2023-12-05 02:00:00,return_pending
270,3,2023-12-05 02:00:00,completed
271,5,2023-12-05 02:00:00,shipped
272,40,2023-12-05 02:00:00,shipped
273,10,2023-12-05 02:00:00,returned
274,5,2023-12-05 02:00:00,return_pending
275,36,2023-12-05 02:00:00,completed
276,5,2023-12-05 02:00:00,placed
277,22,2023-12-05 02:00:00,returned
278,32,2023-12-05 02:00:00,shipped
279,26,2023-12-05 02:00:00,completed
280,21,2023-12-05 02:00:00,returned
281,44,2023-12-05 02:00:00,return_pending
282,18,2023-12-05 02:00:00,completed
283,20,2023-12-05 02:00:00,shipped
284,40,2023-12-05 02:00:00,returned
285,29,2023-12-05 02:00:00,returned
286,41,2023-12-05 02:00:00,shipped
287,33,2023-12-05 02:00:00,shipped
288,40,2023-12-05 02:00:00,completed
289,18,2023-12-05 02:00:00,completed
290,5,2023-12-05 02:00:00,return_pending
291,36,2023-12-05 02:00:00,shipped
292,23,2023-12-05 02:00:00,return_pending
293,46,2023-12-05 02:00:00,returned
294,35,2023-12-05 02:00:00,completed
295,44,2023-12-05 02:00:00,placed
296,41,2023-12-05 02:00:00,shipped
297,29,2023-12-05 02:00:00,return_pending
298,5,2023-12-05 02:00:00,return_pending
299,21,2023-12-05 02:00:00,placed
300,46,2023-12-05 02:00:00,returned
301,16,2023-12-05 02:00:00,completed
302,42,2023-12-05 02:00:00,shipped
303,29,2023-12-05 02:00:00,shipped
304,40,2023-12-05 02:00:00,placed
305,23,2023-12-05 02:00:00,return_pending
306,45,2023-12-05 02:00:00,placed
307,18,2023-12-05 02:00:00,return_pending
308,41,2023-12-05 02:00:00,returned
309,43,2023-12-05 02:00:00,shipped
310,8,2023-12-05 02:00:00,returned
311,25,2023-12-05 02:00:00,completed
312,46,2023-12-05 02:00:00,shipped
313,2,2023-12-05 02:00:00,placed
314,43,2023-12-05 02:00:00,completed
315,27,2023-12-05 02:00:00,shipped
316,46,2023-12-05 02:00:00,placed
317,2,2023-12-05 02:00:00,return_pending
318,36,2023-12-05 02:00:00,completed
319,5,2023-12-05 02:00:00,returned
320,18,2023-12-05 02:00:00,returned
321,36,2023-12-05 02:00:00,placed
322,26,2023-12-05 02:00:00,placed
323,6,2023-12-05 02:00:00,returned
324,36,2023-12-05 02:00:00,placed
325,1,2023-12-05 02:00:00,completed
326,45,2023-12-05 02:00:00,shipped
327,31,2023-12-05 02:00:00,shipped
328,36,2023-12-05 02:00:00,shipped
329,35,2023-12-05 02:00:00,completed
330,77,2023-12-06 02:00:00,shipped
331,26,2023-12-06 02:00:00,completed
332,13,2023-12-06 02:00:00,placed
333,60,2023-12-06 02:00:00,return_pending
334,66,2023-12-06 02:00:00,placed
335,37,2023-12-06 02:00:00,return_pending
336,7,2023-12-06 02:00:00,completed
337,64,2023-12-06 02:00:00,placed
338,53,2023-12-06 02:00:00,placed
339,37,2023-12-06 02:00:00,placed
340,72,2023-12-06 02:00:00,placed
341,77,2023-12-06 02:00:00,returned
342,63,2023-12-06 02:00:00,placed
343,21,2023-12-06 02:00:00,placed
344,31,2023-12-06 02:00:00,return_pending
345,9,2023-12-06 02:00:00,completed
346,5,2023-12-06 02:00:00,placed
347,16,2023-12-06 02:00:00,return_pending
348,54,2023-12-06 02:00:00,completed
349,5,2023-12-06 02:00:00,placed
350,18,2023-12-06 02:00:00,return_pending
351,23,2023-12-06 02:00:00,return_pending
352,20,2023-12-06 02:00:00,placed
353,13,2023-12-06 02:00:00,placed
354,17,2023-12-06 02:00:00,return_pending
355,30,2023-12-06 02:00:00,return_pending
356,60,2023-12-06 02:00:00,shipped
357,26,2023-12-06 02:00:00,shipped
358,42,2023-12-06 02:00:00,placed
359,74,2023-12-06 02:00:00,shipped
360,25,2023-12-06 02:00:00,returned
361,65,2023-12-06 02:00:00,placed
362,39,2023-12-06 02:00:00,completed
363,37,2023-12-06 02:00:00,return_pending
364,75,2023-12-06 02:00:00,shipped
365,60,2023-12-06 02:00:00,shipped
366,17,2023-12-06 02:00:00,shipped
367,13,2023-12-06 02:00:00,return_pending
368,19,2023-12-06 02:00:00,completed
369,2,2023-12-06 02:00:00,return_pending
370,29,2023-12-06 02:00:00,returned
371,50,2023-12-06 02:00:00,shipped
372,25,2023-12-06 02:00:00,return_pending
373,57,2023-12-06 02:00:00,placed
374,75,2023-12-06 02:00:00,return_pending
375,61,2023-12-06 02:00:00,placed
376,34,2023-12-06 02:00:00,return_pending
377,19,2023-12-06 02:00:00,completed
378,18,2023-12-06 02:00:00,shipped
379,17,2023-12-06 02:00:00,shipped
380,59,2023-12-06 02:00:00,placed
381,69,2023-12-06 02:00:00,shipped
382,68,2023-12-06 02:00:00,return_pending
383,63,2023-12-06 02:00:00,returned
384,24,2023-12-06 02:00:00,completed
385,51,2023-12-06 02:00:00,placed
386,43,2023-12-06 02:00:00,placed
387,69,2023-12-06 02:00:00,completed
388,29,2023-12-06 02:00:00,return_pending
389,44,2023-12-06 02:00:00,returned
390,70,2023-12-06 02:00:00,completed
391,37,2023-12-06 02:00:00,shipped
392,46,2023-12-06 02:00:00,placed
393,43,2023-12-06 02:00:00,shipped
394,23,2023-12-06 02:00:00,completed
395,59,2023-12-06 02:00:00,completed
396,41,2023-12-06 02:00:00,completed
397,7,2023-12-06 02:00:00,returned
398,6,2023-12-06 02:00:00,placed
399,74,2023-12-06 02:00:00,returned
400,35,2023-12-06 02:00:00,shipped
401,16,2023-12-06 02:00:00,placed
402,42,2023-12-06 02:00:00,shipped
403,23,2023-12-06 02:00:00,return_pending
404,57,2023-12-06 02:00:00,completed
405,36,2023-12-06 02:00:00,returned
406,42,2023-12-06 02:00:00,shipped
407,8,2023-12-06 02:00:00,shipped
408,67,2023-12-06 02:00:00,return_pending
409,69,2023-12-06 02:00:00,returned
410,11,2023-12-06 02:00:00,shipped
411,61,2023-12-06 02:00:00,completed
412,50,2023-12-06 02:00:00,return_pending
413,74,2023-12-06 02:00:00,placed
414,32,2023-12-06 02:00:00,return_pending
415,27,2023-12-06 02:00:00,placed
416,18,2023-12-06 02:00:00,placed
417,60,2023-12-06 02:00:00,placed
418,9,2023-12-06 02:00:00,return_pending
419,68,2023-12-06 02:00:00,placed
420,59,2023-12-06 02:00:00,completed
421,2,2023-12-06 02:00:00,placed
422,11,2023-12-06 02:00:00,return_pending
423,51,2023-12-06 02:00:00,returned
424,50,2023-12-06 02:00:00,returned
425,45,2023-12-06 02:00:00,placed
426,56,2023-12-06 02:00:00,completed
427,54,2023-12-06 02:00:00,returned
428,27,2023-12-06 02:00:00,returned
429,25,2023-12-06 02:00:00,returned
430,28,2023-12-06 02:00:00,placed
431,15,2023-12-06 02:00:00,returned
432,55,2023-12-06 02:00:00,completed
433,59,2023-12-06 02:00:00,shipped
434,3,2023-12-06 02:00:00,completed
435,36,2023-12-06 02:00:00,completed
436,1,2023-12-06 02:00:00,completed
437,7,2023-12-06 02:00:00,returned
438,34,2023-12-06 02:00:00,placed
439,72,2023-12-06 02:00:00,return_pending
440,1,2023-12-06 02:00:00,returned
441,62,2023-12-06 02:00:00,shipped
442,14,2023-12-06 02:00:00,returned
443,41,2023-12-06 02:00:00,return_pending
444,15,2023-12-06 02:00:00,shipped
445,18,2023-12-06 02:00:00,return_pending
446,4,2023-12-06 02:00:00,shipped
447,55,2023-12-06 02:00:00,shipped
448,16,2023-12-06 02:00:00,placed
449,15,2023-12-06 02:00:00,shipped
450,25,2023-12-06 02:00:00,placed
451,20,2023-12-06 02:00:00,returned
452,55,2023-12-06 02:00:00,returned
453,10,2023-12-06 02:00:00,completed
454,6,2023-12-06 02:00:00,return_pending
455,45,2023-12-06 02:00:00,shipped
456,11,2023-12-06 02:00:00,returned
457,63,2023-12-06 02:00:00,completed
458,19,2023-12-06 02:00:00,shipped
459,34,2023-12-06 02:00:00,returned
460,49,2023-12-06 02:00:00,placed
461,73,2023-12-06 02:00:00,return_pending
462,55,2023-12-06 02:00:00,shipped
463,43,2023-12-06 02:00:00,return_pending
464,16,2023-12-06 02:00:00,completed
465,9,2023-12-06 02:00:00,shipped
466,68,2023-12-06 02:00:00,returned
467,31,2023-12-06 02:00:00,placed
468,59,2023-12-06 02:00:00,placed
469,37,2023-12-06 02:00:00,returned
470,13,2023-12-06 02:00:00,completed
471,10,2023-12-06 02:00:00,returned
472,64,2023-12-06 02:00:00,shipped
473,23,2023-12-06 02:00:00,return_pending
474,69,2023-12-06 02:00:00,shipped
475,3,2023-12-06 02:00:00,completed
476,75,2023-12-06 02:00:00,shipped
477,54,2023-12-06 02:00:00,returned
478,65,2023-12-06 02:00:00,shipped
479,59,2023-12-06 02:00:00,shipped
480,77,2023-12-06 02:00:00,shipped
481,72,2023-12-06 02:00:00,shipped
482,50,2023-12-06 02:00:00,returned
483,64,2023-12-06 02:00:00,shipped
484,24,2023-12-06 02:00:00,shipped
485,69,2023-12-06 02:00:00,shipped
486,47,2023-12-06 02:00:00,completed
487,9,2023-12-06 02:00:00,completed
488,76,2023-12-06 02:00:00,returned
489,25,2023-12-06 02:00:00,placed
490,22,2023-12-06 02:00:00,completed
491,19,2023-12-06 02:00:00,return_pending
492,47,2023-12-06 02:00:00,completed
493,6,2023-12-06 02:00:00,placed
494,51,2023-12-06 02:00:00,completed
495,48,2023-12-06 02:00:00,returned
496,28,2023-12-06 02:00:00,shipped
497,15,2023-12-06 02:00:00,placed
498,17,2023-12-06 02:00:00,completed
499,23,2023-12-06 02:00:00,completed
500,14,2023-12-06 02:00:00,return_pending
501,66,2023-12-06 02:00:00,return_pending
502,25,2023-12-06 02:00:00,shipped
503,44,2023-12-06 02:00:00,placed
504,29,2023-12-06 02:00:00,return_pending
505,65,2023-12-06 02:00:00,shipped
506,42,2023-12-06 02:00:00,shipped
507,74,2023-12-06 02:00:00,return_pending
508,47,2023-12-06 02:00:00,return_pending
509,69,2023-12-06 02:00:00,shipped
510,5,2023-12-06 02:00:00,returned
511,8,2023-12-06 02:00:00,completed
512,66,2023-12-06 02:00:00,returned
513,2,2023-12-06 02:00:00,returned
514,30,2023-12-06 02:00:00,completed
515,7,2023-12-06 02:00:00,return_pending
516,6,2023-12-06 02:00:00,return_pending
517,44,2023-12-06 02:00:00,returned
518,61,2023-12-06 02:00:00,returned
519,76,2023-12-06 02:00:00,placed
520,8,2023-12-06 02:00:00,return_pending
521,64,2023-12-06 02:00:00,placed
522,71,2023-12-06 02:00:00,return_pending
523,30,2023-12-06 02:00:00,shipped
524,2,2023-12-06 02:00:00,placed
525,56,2023-12-06 02:00:00,placed
526,74,2023-12-06 02:00:00,returned
527,7,2023-12-06 02:00:00,completed
528,3,2023-12-06 02:00:00,returned
529,7,2023-12-06 02:00:00,placed
530,48,2023-12-06 02:00:00,return_pending
531,14,2023-12-06 02:00:00,placed
532,31,2023-12-06 02:00:00,return_pending
533,63,2023-12-06 02:00:00,returned
534,22,2023-12-06 02:00:00,completed
535,50,2023-12-06 02:00:00,completed
536,51,2023-12-06 02:00:00,placed
537,25,2023-12-06 02:00:00,placed
538,77,2023-12-06 02:00:00,returned
539,66,2023-12-06 02:00:00,completed
540,60,2023-12-06 02:00:00,completed
541,53,2023-12-06 02:00:00,returned
542,22,2023-12-06 02:00:00,shipped
543,77,2023-12-06 02:00:00,shipped
544,23,2023-12-06 02:00:00,shipped
545,29,2023-12-06 02:00:00,return_pending
546,57,2023-12-06 02:00:00,completed
547,27,2023-12-06 02:00:00,returned
548,73,2023-12-06 02:00:00,returned
549,31,2023-12-06 02:00:00,return_pending
550,73,2023-12-06 02:00:00,shipped
551,7,2023-12-06 02:00:00,placed
552,17,2023-12-06 02:00:00,returned
553,50,2023-12-06 02:00:00,returned
554,38,2023-12-06 02:00:00,return_pending
555,13,2023-12-06 02:00:00,completed
556,47,2023-12-06 02:00:00,completed
557,10,2023-12-06 02:00:00,return_pending
558,54,2023-12-06 02:00:00,returned
559,4,2023-12-06 02:00:00,shipped
560,17,2023-12-06 02:00:00,shipped
561,28,2023-12-06 02:00:00,completed
562,76,2023-12-06 02:00:00,completed
563,2,2023-12-06 02:00:00,returned
564,62,2023-12-06 02:00:00,placed
565,47,2023-12-06 02:00:00,return_pending
566,76,2023-12-06 02:00:00,return_pending
567,8,2023-12-06 02:00:00,placed
568,39,2023-12-06 02:00:00,placed
569,50,2023-12-06 02:00:00,placed
570,43,2023-12-06 02:00:00,returned
571,41,2023-12-06 02:00:00,placed
572,68,2023-12-06 02:00:00,return_pending
573,52,2023-12-06 02:00:00,placed
574,72,2023-12-06 02:00:00,placed
575,75,2023-12-06 02:00:00,completed
576,23,2023-12-06 02:00:00,returned
577,65,2023-12-06 02:00:00,completed
578,29,2023-12-06 02:00:00,placed
579,8,2023-12-06 02:00:00,placed
580,4,2023-12-06 02:00:00,return_pending
581,64,2023-12-06 02:00:00,shipped
582,74,2023-12-06 02:00:00,shipped
583,71,2023-12-06 02:00:00,shipped
584,41,2023-12-06 02:00:00,completed
585,9,2023-12-06 02:00:00,placed
586,44,2023-12-06 02:00:00,completed
587,73,2023-12-06 02:00:00,completed
588,5,2023-12-06 02:00:00,shipped
589,33,2023-12-06 02:00:00,placed
590,6,2023-12-06 02:00:00,returned
591,17,2023-12-06 02:00:00,shipped
592,23,2023-12-06 02:00:00,returned
593,8,2023-12-06 02:00:00,returned
594,23,2023-12-06 02:00:00,placed
595,55,2023-12-06 02:00:00,return_pending
596,40,2023-12-06 02:00:00,returned
597,19,2023-12-06 02:00:00,returned
598,10,2023-12-06 02:00:00,return_pending
599,2,2023-12-06 02:00:00,placed
600,76,2023-12-06 02:00:00,returned
601,72,2023-12-06 02:00:00,shipped
602,39,2023-12-06 02:00:00,return_pending
603,35,2023-12-06 02:00:00,return_pending
604,8,2023-12-06 02:00:00,completed
605,12,2023-12-06 02:00:00,return_pending
606,11,2023-12-06 02:00:00,placed
607,63,2023-12-06 02:00:00,completed
608,34,2023-12-06 02:00:00,return_pending
609,24,2023-12-06 02:00:00,return_pending
610,9,2023-12-06 02:00:00,placed
611,76,2023-12-06 02:00:00,completed
612,10,2023-12-06 02:00:00,completed
613,73,2023-12-07 02:00:00,shipped
614,5,2023-12-07 02:00:00,returned
615,35,2023-12-07 02:00:00,shipped
616,60,2023-12-07 02:00:00,return_pending
617,18,2023-12-07 02:00:00,returned
618,13,2023-12-07 02:00:00,shipped
619,68,2023-12-07 02:00:00,shipped
620,52,2023-12-07 02:00:00,placed
621,95,2023-12-07 02:00:00,return_pending
622,89,2023-12-07 02:00:00,completed
623,92,2023-12-07 02:00:00,shipped
624,49,2023-12-07 02:00:00,returned
625,61,2023-12-07 02:00:00,shipped
626,65,2023-12-07 02:00:00,shipped
627,72,2023-12-07 02:00:00,placed
628,80,2023-12-07 02:00:00,return_pending
629,59,2023-12-07 02:00:00,placed
630,61,2023-12-07 02:00:00,return_pending
631,103,2023-12-07 02:00:00,return_pending
632,83,2023-12-07 02:00:00,returned
633,14,2023-12-07 02:00:00,return_pending
634,23,2023-12-07 02:00:00,shipped
635,79,2023-12-07 02:00:00,completed
636,52,2023-12-07 02:00:00,return_pending
637,36,2023-12-07 02:00:00,returned
638,80,2023-12-07 02:00:00,completed
639,41,2023-12-07 02:00:00,placed
640,66,2023-12-07 02:00:00,returned
641,50,2023-12-07 02:00:00,returned
642,52,2023-12-07 02:00:00,completed
643,5,2023-12-07 02:00:00,returned
644,100,2023-12-07 02:00:00,returned
645,70,2023-12-07 02:00:00,placed
646,54,2023-12-07 02:00:00,placed
647,40,2023-12-07 02:00:00,return_pending
648,89,2023-12-07 02:00:00,shipped
649,28,2023-12-07 02:00:00,placed
650,80,2023-12-07 02:00:00,returned
651,28,2023-12-07 02:00:00,return_pending
652,81,2023-12-07 02:00:00,placed
653,53,2023-12-07 02:00:00,return_pending
654,18,2023-12-07 02:00:00,completed
655,47,2023-12-07 02:00:00,shipped
656,97,2023-12-07 02:00:00,shipped
657,31,2023-12-07 02:00:00,returned
658,16,2023-12-07 02:00:00,shipped
659,88,2023-12-07 02:00:00,placed
660,34,2023-12-07 02:00:00,shipped
661,20,2023-12-07 02:00:00,completed
662,66,2023-12-07 02:00:00,placed
663,27,2023-12-07 02:00:00,returned
664,86,2023-12-07 02:00:00,returned
665,17,2023-12-07 02:00:00,placed
666,16,2023-12-07 02:00:00,placed
667,1,2023-12-07 02:00:00,placed
668,67,2023-12-07 02:00:00,returned
669,96,2023-12-07 02:00:00,shipped
670,96,2023-12-07 02:00:00,placed
671,11,2023-12-07 02:00:00,return_pending
672,47,2023-12-07 02:00:00,shipped
673,14,2023-12-07 02:00:00,placed
674,9,2023-12-07 02:00:00,return_pending
675,84,2023-12-07 02:00:00,shipped
676,3,2023-12-07 02:00:00,placed
677,16,2023-12-07 02:00:00,shipped
678,7,2023-12-07 02:00:00,shipped
679,15,2023-12-07 02:00:00,shipped
680,59,2023-12-07 02:00:00,completed
681,1,2023-12-07 02:00:00,placed
682,62,2023-12-07 02:00:00,return_pending
683,29,2023-12-07 02:00:00,completed
684,7,2023-12-07 02:00:00,return_pending
685,19,2023-12-07 02:00:00,completed
686,66,2023-12-07 02:00:00,shipped
687,58,2023-12-07 02:00:00,return_pending
688,81,2023-12-07 02:00:00,returned
689,72,2023-12-07 02:00:00,completed
690,37,2023-12-07 02:00:00,return_pending
691,1,2023-12-07 02:00:00,return_pending
692,58,2023-12-07 02:00:00,returned
693,31,2023-12-07 02:00:00,placed
694,11,2023-12-07 02:00:00,completed
695,61,2023-12-07 02:00:00,completed
696,57,2023-12-07 02:00:00,shipped
697,72,2023-12-07 02:00:00,returned
698,102,2023-12-07 02:00:00,returned
699,4,2023-12-07 02:00:00,return_pending
700,48,2023-12-07 02:00:00,return_pending
701,2,2023-12-07 02:00:00,shipped
702,41,2023-12-07 02:00:00,placed
703,12,2023-12-07 02:00:00,placed
704,98,2023-12-07 02:00:00,return_pending
705,3,2023-12-07 02:00:00,shipped
706,35,2023-12-07 02:00:00,placed
707,103,2023-12-07 02:00:00,placed
708,90,2023-12-07 02:00:00,return_pending
709,48,2023-12-07 02:00:00,completed
710,13,2023-12-07 02:00:00,placed
711,18,2023-12-07 02:00:00,completed
712,24,2023-12-07 02:00:00,returned
713,68,2023-12-07 02:00:00,shipped
714,43,2023-12-07 02:00:00,return_pending
715,56,2023-12-07 02:00:00,return_pending
716,49,2023-12-07 02:00:00,completed
717,70,2023-12-07 02:00:00,return_pending
718,22,2023-12-07 02:00:00,placed
719,14,2023-12-07 02:00:00,return_pending
720,29,2023-12-07 02:00:00,shipped
721,96,2023-12-07 02:00:00,placed
722,83,2023-12-07 02:00:00,return_pending
723,19,2023-12-07 02:00:00,returned
724,99,2023-12-07 02:00:00,returned
725,16,2023-12-07 02:00:00,placed
726,46,2023-12-07 02:00:00,return_pending
727,66,2023-12-07 02:00:00,placed
728,43,2023-12-07 02:00:00,returned
729,6,2023-12-07 02:00:00,returned
730,14,2023-12-07 02:00:00,return_pending
731,74,2023-12-07 02:00:00,completed
732,103,2023-12-07 02:00:00,returned
733,9,2023-12-07 02:00:00,returned
734,11,2023-12-07 02:00:00,placed
735,73,2023-12-07 02:00:00,completed
736,85,2023-12-07 02:00:00,returned
737,88,2023-12-07 02:00:00,shipped
738,77,2023-12-07 02:00:00,completed
739,76,2023-12-07 02:00:00,placed
740,44,2023-12-07 02:00:00,return_pending
741,34,2023-12-07 02:00:00,completed
742,64,2023-12-07 02:00:00,return_pending
743,85,2023-12-07 02:00:00,placed
744,76,2023-12-07 02:00:00,returned
745,62,2023-12-07 02:00:00,placed
746,35,2023-12-07 02:00:00,placed
747,49,2023-12-07 02:00:00,completed
748,91,2023-12-07 02:00:00,returned
749,64,2023-12-07 02:00:00,return_pending
750,82,2023-12-07 02:00:00,placed
751,73,2023-12-07 02:00:00,completed
752,78,2023-12-07 02:00:00,placed
753,94,2023-12-07 02:00:00,shipped
754,2,2023-12-07 02:00:00,returned
755,82,2023-12-07 02:00:00,placed
756,9,2023-12-07 02:00:00,placed
757,82,2023-12-07 02:00:00,shipped
758,8,2023-12-07 02:00:00,placed
759,63,2023-12-07 02:00:00,placed
760,24,2023-12-07 02:00:00,shipped
761,104,2023-12-07 02:00:00,completed
762,48,2023-12-07 02:00:00,return_pending
763,4,2023-12-07 02:00:00,completed
764,46,2023-12-07 02:00:00,placed
765,20,2023-12-07 02:00:00,shipped
766,30,2023-12-07 02:00:00,returned
767,64,2023-12-07 02:00:00,placed
768,93,2023-12-07 02:00:00,shipped
769,89,2023-12-07 02:00:00,placed
770,21,2023-12-07 02:00:00,shipped
771,12,2023-12-07 02:00:00,shipped
772,48,2023-12-07 02:00:00,placed
773,28,2023-12-07 02:00:00,shipped
774,96,2023-12-07 02:00:00,completed
775,13,2023-12-07 02:00:00,return_pending
776,57,2023-12-07 02:00:00,shipped
777,100,2023-12-07 02:00:00,placed
778,82,2023-12-07 02:00:00,return_pending
779,9,2023-12-07 02:00:00,completed
780,62,2023-12-07 02:00:00,returned
781,104,2023-12-07 02:00:00,return_pending
782,25,2023-12-07 02:00:00,placed
783,33,2023-12-07 02:00:00,shipped
784,36,2023-12-07 02:00:00,placed
785,77,2023-12-07 02:00:00,return_pending
786,14,2023-12-07 02:00:00,returned
787,95,2023-12-07 02:00:00,return_pending
788,38,2023-12-07 02:00:00,placed
789,42,2023-12-07 02:00:00,return_pending
790,96,2023-12-07 02:00:00,placed
791,62,2023-12-07 02:00:00,returned
792,7,2023-12-07 02:00:00,placed
793,5,2023-12-07 02:00:00,shipped
794,12,2023-12-07 02:00:00,shipped
795,11,2023-12-07 02:00:00,placed
796,65,2023-12-07 02:00:00,return_pending
797,100,2023-12-07 02:00:00,completed
798,4,2023-12-07 02:00:00,placed
799,89,2023-12-07 02:00:00,shipped
800,16,2023-12-07 02:00:00,returned
801,97,2023-12-07 02:00:00,returned
802,57,2023-12-07 02:00:00,completed
803,10,2023-12-07 02:00:00,placed
804,6,2023-12-07 02:00:00,return_pending
805,48,2023-12-07 02:00:00,shipped
806,101,2023-12-07 02:00:00,shipped
807,25,2023-12-07 02:00:00,returned
808,92,2023-12-07 02:00:00,returned
809,24,2023-12-07 02:00:00,returned
810,34,2023-12-07 02:00:00,completed
811,73,2023-12-07 02:00:00,shipped
812,53,2023-12-07 02:00:00,placed
813,82,2023-12-07 02:00:00,completed
814,11,2023-12-07 02:00:00,placed
815,6,2023-12-07 02:00:00,return_pending
816,48,2023-12-07 02:00:00,placed
817,35,2023-12-07 02:00:00,completed
818,37,2023-12-07 02:00:00,shipped
819,55,2023-12-07 02:00:00,completed
820,79,2023-12-07 02:00:00,completed
821,104,2023-12-07 02:00:00,shipped
822,42,2023-12-07 02:00:00,returned
823,36,2023-12-07 02:00:00,return_pending
824,78,2023-12-07 02:00:00,shipped
825,95,2023-12-07 02:00:00,completed
826,79,2023-12-07 02:00:00,placed
827,18,2023-12-07 02:00:00,shipped
828,81,2023-12-07 02:00:00,placed
829,39,2023-12-07 02:00:00,shipped
830,61,2023-12-07 02:00:00,return_pending
831,31,2023-12-07 02:00:00,return_pending
832,53,2023-12-07 02:00:00,placed
833,37,2023-12-07 02:00:00,placed
834,10,2023-12-07 02:00:00,completed
835,81,2023-12-07 02:00:00,return_pending
836,96,2023-12-07 02:00:00,shipped
837,88,2023-12-07 02:00:00,shipped
838,19,2023-12-07 02:00:00,shipped
839,75,2023-12-07 02:00:00,completed
840,31,2023-12-07 02:00:00,return_pending
841,22,2023-12-07 02:00:00,returned
842,87,2023-12-07 02:00:00,placed
843,76,2023-12-07 02:00:00,placed
844,99,2023-12-07 02:00:00,shipped
845,25,2023-12-07 02:00:00,returned
846,62,2023-12-07 02:00:00,returned
847,21,2023-12-07 02:00:00,return_pending
848,25,2023-12-07 02:00:00,completed
849,13,2023-12-07 02:00:00,return_pending
850,37,2023-12-07 02:00:00,return_pending
851,41,2023-12-07 02:00:00,returned
852,54,2023-12-07 02:00:00,completed
853,31,2023-12-07 02:00:00,completed
854,35,2023-12-07 02:00:00,returned
855,65,2023-12-07 02:00:00,returned
856,28,2023-12-07 02:00:00,return_pending
857,38,2023-12-07 02:00:00,return_pending
858,69,2023-12-07 02:00:00,return_pending
859,39,2023-12-07 02:00:00,returned
860,14,2023-12-07 02:00:00,return_pending
861,22,2023-12-07 02:00:00,placed
862,70,2023-12-07 02:00:00,completed
863,71,2023-12-07 02:00:00,completed
864,59,2023-12-07 02:00:00,completed
865,25,2023-12-07 02:00:00,return_pending
866,40,2023-12-07 02:00:00,returned
867,78,2023-12-07 02:00:00,completed
868,65,2023-12-07 02:00:00,shipped
869,78,2023-12-07 02:00:00,placed
870,31,2023-12-07 02:00:00,return_pending
871,2,2023-12-07 02:00:00,shipped
872,60,2023-12-07 02:00:00,shipped
873,36,2023-12-07 02:00:00,return_pending
874,94,2023-12-07 02:00:00,completed
875,67,2023-12-07 02:00:00,placed
876,102,2023-12-07 02:00:00,placed
877,43,2023-12-07 02:00:00,shipped
878,8,2023-12-07 02:00:00,completed
879,74,2023-12-07 02:00:00,shipped
880,5,2023-12-07 02:00:00,placed
881,81,2023-12-07 02:00:00,return_pending
882,75,2023-12-07 02:00:00,return_pending
883,5,2023-12-07 02:00:00,returned
884,15,2023-12-07 02:00:00,placed
885,92,2023-12-07 02:00:00,placed
886,25,2023-12-07 02:00:00,return_pending
887,21,2023-12-07 02:00:00,placed
888,70,2023-12-07 02:00:00,returned
889,45,2023-12-07 02:00:00,placed
890,49,2023-12-07 02:00:00,return_pending
891,74,2023-12-07 02:00:00,completed
892,99,2023-12-07 02:00:00,shipped
893,53,2023-12-07 02:00:00,return_pending
894,11,2023-12-07 02:00:00,return_pending
895,53,2023-12-07 02:00:00,returned
896,87,2023-12-07 02:00:00,return_pending
897,97,2023-12-07 02:00:00,placed
898,63,2023-12-07 02:00:00,placed
899,28,2023-12-07 02:00:00,return_pending
900,94,2023-12-07 02:00:00,returned
901,53,2023-12-07 02:00:00,returned
902,5,2023-12-07 02:00:00,returned
903,42,2023-12-07 02:00:00,completed
904,46,2023-12-07 02:00:00,returned
905,53,2023-12-07 02:00:00,placed
906,69,2023-12-07 02:00:00,returned
907,60,2023-12-07 02:00:00,placed
908,52,2023-12-07 02:00:00,shipped
909,40,2023-12-07 02:00:00,completed
910,91,2023-12-07 02:00:00,shipped
911,77,2023-12-07 02:00:00,return_pending
912,98,2023-12-07 02:00:00,completed
913,13,2023-12-07 02:00:00,returned
914,9,2023-12-07 02:00:00,placed
915,29,2023-12-08 02:00:00,shipped
916,78,2023-12-08 02:00:00,placed
917,51,2023-12-08 02:00:00,shipped
918,32,2023-12-08 02:00:00,placed
919,55,2023-12-08 02:00:00,returned
920,120,2023-12-08 02:00:00,placed
921,57,2023-12-08 02:00:00,placed
922,91,2023-12-08 02:00:00,placed
923,85,2023-12-08 02:00:00,completed
924,122,2023-12-08 02:00:00,return_pending
925,72,2023-12-08 02:00:00,completed
926,90,2023-12-08 02:00:00,returned
927,3,2023-12-08 02:00:00,shipped
928,112,2023-12-08 02:00:00,placed
929,124,2023-12-08 02:00:00,placed
930,47,2023-12-08 02:00:00,return_pending
931,14,2023-12-08 02:00:00,return_pending
932,97,2023-12-08 02:00:00,return_pending
933,73,2023-12-08 02:00:00,placed
934,95,2023-12-08 02:00:00,completed
935,22,2023-12-08 02:00:00,placed
936,86,2023-12-08 02:00:00,completed
937,79,2023-12-08 02:00:00,returned
938,94,2023-12-08 02:00:00,shipped
939,117,2023-12-08 02:00:00,completed
940,31,2023-12-08 02:00:00,returned
941,3,2023-12-08 02:00:00,completed
942,57,2023-12-08 02:00:00,completed
943,74,2023-12-08 02:00:00,shipped
944,103,2023-12-08 02:00:00,placed
945,32,2023-12-08 02:00:00,return_pending
946,16,2023-12-08 02:00:00,placed
947,83,2023-12-08 02:00:00,return_pending
948,12,2023-12-08 02:00:00,returned
949,120,2023-12-08 02:00:00,shipped
950,106,2023-12-08 02:00:00,completed
951,84,2023-12-08 02:00:00,completed
952,54,2023-12-08 02:00:00,completed
953,8,2023-12-08 02:00:00,shipped
954,88,2023-12-08 02:00:00,completed
955,16,2023-12-08 02:00:00,returned
956,121,2023-12-08 02:00:00,return_pending
957,25,2023-12-08 02:00:00,completed
958,110,2023-12-08 02:00:00,shipped
959,30,2023-12-08 02:00:00,return_pending
960,68,2023-12-08 02:00:00,shipped
961,35,2023-12-08 02:00:00,return_pending
962,90,2023-12-08 02:00:00,completed
963,70,2023-12-08 02:00:00,return_pending
964,68,2023-12-08 02:00:00,completed
965,66,2023-12-08 02:00:00,return_pending
966,31,2023-12-08 02:00:00,return_pending
967,51,2023-12-08 02:00:00,completed
968,28,2023-12-08 02:00:00,returned
969,40,2023-12-08 02:00:00,placed
970,92,2023-12-08 02:00:00,return_pending
971,73,2023-12-08 02:00:00,return_pending
972,104,2023-12-08 02:00:00,return_pending
973,78,2023-12-08 02:00:00,returned
974,85,2023-12-08 02:00:00,completed
975,82,2023-12-08 02:00:00,shipped
976,10,2023-12-08 02:00:00,completed
977,87,2023-12-08 02:00:00,completed
978,7,2023-12-08 02:00:00,shipped
979,35,2023-12-08 02:00:00,shipped
980,6,2023-12-08 02:00:00,completed
981,33,2023-12-08 02:00:00,placed
982,66,2023-12-08 02:00:00,shipped
983,93,2023-12-08 02:00:00,returned
984,1,2023-12-08 02:00:00,completed
985,100,2023-12-08 02:00:00,return_pending
986,65,2023-12-08 02:00:00,return_pending
987,72,2023-12-08 02:00:00,shipped
988,121,2023-12-08 02:00:00,completed
989,8,2023-12-08 02:00:00,shipped
990,23,2023-12-08 02:00:00,shipped
991,2,2023-12-08 02:00:00,placed
992,123,2023-12-08 02:00:00,placed
993,75,2023-12-08 02:00:00,returned
994,120,2023-12-08 02:00:00,shipped
995,38,2023-12-08 02:00:00,shipped
996,10,2023-12-08 02:00:00,return_pending
997,18,2023-12-08 02:00:00,returned
998,59,2023-12-08 02:00:00,completed
999,12,2023-12-08 02:00:00,return_pending
1000,52,2023-12-08 02:00:00,returned
1001,30,2023-12-08 02:00:00,completed
1002,116,2023-12-08 02:00:00,shipped
1003,12,2023-12-08 02:00:00,return_pending
1004,85,2023-12-08 02:00:00,placed
1005,97,2023-12-08 02:00:00,return_pending
1006,40,2023-12-08 02:00:00,return_pending
1007,13,2023-12-08 02:00:00,shipped
1008,20,2023-12-08 02:00:00,returned
1009,111,2023-12-08 02:00:00,completed
1010,6,2023-12-08 02:00:00,completed
1011,27,2023-12-08 02:00:00,completed
1012,4,2023-12-08 02:00:00,returned
1013,97,2023-12-08 02:00:00,completed
1014,66,2023-12-08 02:00:00,return_pending
1015,25,2023-12-08 02:00:00,returned
1016,112,2023-12-08 02:00:00,return_pending
1017,6,2023-12-08 02:00:00,returned
1018,57,2023-12-08 02:00:00,shipped
1019,111,2023-12-08 02:00:00,completed
1020,85,2023-12-08 02:00:00,shipped
1021,119,2023-12-08 02:00:00,completed
1022,58,2023-12-08 02:00:00,placed
1023,77,2023-12-08 02:00:00,shipped
1024,88,2023-12-08 02:00:00,shipped
1025,40,2023-12-08 02:00:00,shipped
1026,111,2023-12-08 02:00:00,placed
1027,4,2023-12-08 02:00:00,shipped
1028,2,2023-12-08 02:00:00,return_pending
1029,16,2023-12-08 02:00:00,placed
1030,101,2023-12-08 02:00:00,shipped
1031,89,2023-12-08 02:00:00,placed
1032,76,2023-12-08 02:00:00,completed
1033,22,2023-12-08 02:00:00,return_pending
1034,73,2023-12-08 02:00:00,shipped
1035,13,2023-12-08 02:00:00,shipped
1036,56,2023-12-08 02:00:00,completed
1037,21,2023-12-08 02:00:00,shipped
1038,2,2023-12-08 02:00:00,placed
1039,58,2023-12-08 02:00:00,returned
1040,95,2023-12-08 02:00:00,returned
1041,78,2023-12-08 02:00:00,completed
1042,53,2023-12-08 02:00:00,return_pending
1043,94,2023-12-08 02:00:00,return_pending
1044,121,2023-12-08 02:00:00,completed
1045,71,2023-12-08 02:00:00,returned
1046,62,2023-12-08 02:00:00,shipped
1047,74,2023-12-08 02:00:00,completed
1048,51,2023-12-08 02:00:00,completed
1049,11,2023-12-08 02:00:00,shipped
1050,3,2023-12-08 02:00:00,shipped
1051,116,2023-12-08 02:00:00,returned
1052,91,2023-12-08 02:00:00,shipped
1053,13,2023-12-08 02:00:00,shipped
1054,88,2023-12-08 02:00:00,return_pending
1055,23,2023-12-08 02:00:00,return_pending
1056,44,2023-12-08 02:00:00,returned
1057,105,2023-12-08 02:00:00,completed
1058,120,2023-12-08 02:00:00,shipped
1059,93,2023-12-08 02:00:00,return_pending
1060,71,2023-12-08 02:00:00,placed
1061,26,2023-12-08 02:00:00,return_pending
1062,54,2023-12-08 02:00:00,shipped
1063,25,2023-12-08 02:00:00,completed
1064,70,2023-12-08 02:00:00,placed
1065,14,2023-12-08 02:00:00,completed
1066,98,2023-12-08 02:00:00,returned
1067,22,2023-12-08 02:00:00,placed
1068,37,2023-12-08 02:00:00,returned
1069,5,2023-12-08 02:00:00,completed
1070,119,2023-12-08 02:00:00,returned
1071,80,2023-12-08 02:00:00,shipped
1072,98,2023-12-08 02:00:00,completed
1073,47,2023-12-08 02:00:00,returned
1074,88,2023-12-08 02:00:00,return_pending
1075,104,2023-12-08 02:00:00,placed
1076,105,2023-12-08 02:00:00,return_pending
1077,31,2023-12-08 02:00:00,returned
1078,77,2023-12-08 02:00:00,placed
1079,18,2023-12-08 02:00:00,placed
1080,20,2023-12-08 02:00:00,shipped
1081,44,2023-12-08 02:00:00,shipped
1082,84,2023-12-08 02:00:00,shipped
1083,2,2023-12-08 02:00:00,returned
1084,103,2023-12-08 02:00:00,return_pending
1085,65,2023-12-08 02:00:00,placed
1086,67,2023-12-08 02:00:00,shipped
1087,100,2023-12-08 02:00:00,return_pending
1088,45,2023-12-08 02:00:00,shipped
1089,28,2023-12-08 02:00:00,placed
1090,32,2023-12-08 02:00:00,return_pending
1091,43,2023-12-08 02:00:00,placed
1092,38,2023-12-08 02:00:00,shipped
1093,19,2023-12-08 02:00:00,placed
1094,34,2023-12-08 02:00:00,shipped
1095,13,2023-12-08 02:00:00,returned
1096,17,2023-12-08 02:00:00,shipped
1097,69,2023-12-08 02:00:00,shipped
1098,4,2023-12-08 02:00:00,shipped
1099,17,2023-12-08 02:00:00,returned
1100,85,2023-12-08 02:00:00,shipped
1101,88,2023-12-08 02:00:00,shipped
1102,64,2023-12-08 02:00:00,placed
1103,123,2023-12-08 02:00:00,return_pending
1104,2,2023-12-08 02:00:00,placed
1105,56,2023-12-08 02:00:00,return_pending
1106,100,2023-12-08 02:00:00,completed
1107,70,2023-12-08 02:00:00,returned
1108,66,2023-12-08 02:00:00,shipped
1109,24,2023-12-08 02:00:00,placed
1110,113,2023-12-08 02:00:00,placed
1111,28,2023-12-08 02:00:00,placed
1112,52,2023-12-08 02:00:00,shipped
1113,55,2023-12-08 02:00:00,return_pending
1114,74,2023-12-08 02:00:00,return_pending
1115,35,2023-12-08 02:00:00,completed
1116,57,2023-12-08 02:00:00,return_pending
1117,50,2023-12-08 02:00:00,placed
1118,41,2023-12-08 02:00:00,shipped
1119,26,2023-12-08 02:00:00,shipped
1120,27,2023-12-08 02:00:00,returned
1121,121,2023-12-08 02:00:00,completed
1122,107,2023-12-08 02:00:00,completed
1123,62,2023-12-08 02:00:00,returned
1124,87,2023-12-08 02:00:00,completed
1125,113,2023-12-08 02:00:00,completed
1126,29,2023-12-08 02:00:00,placed
1127,51,2023-12-08 02:00:00,completed
1128,30,2023-12-08 02:00:00,returned
1129,53,2023-12-08 02:00:00,return_pending
1130,57,2023-12-08 02:00:00,placed
1131,31,2023-12-08 02:00:00,shipped
1132,99,2023-12-08 02:00:00,shipped
1133,20,2023-12-08 02:00:00,shipped
1134,113,2023-12-08 02:00:00,placed
1135,22,2023-12-08 02:00:00,placed
1136,77,2023-12-08 02:00:00,completed
1137,63,2023-12-08 02:00:00,completed
1138,117,2023-12-08 02:00:00,return_pending
1139,109,2023-12-08 02:00:00,returned
1140,84,2023-12-08 02:00:00,shipped
1141,60,2023-12-08 02:00:00,completed
1142,62,2023-12-08 02:00:00,completed
1143,22,2023-12-08 02:00:00,returned
1144,49,2023-12-08 02:00:00,shipped
1145,96,2023-12-08 02:00:00,completed
1146,110,2023-12-08 02:00:00,return_pending
1147,5,2023-12-08 02:00:00,shipped
1148,83,2023-12-08 02:00:00,returned
1149,120,2023-12-08 02:00:00,return_pending
1150,82,2023-12-08 02:00:00,completed
1151,82,2023-12-08 02:00:00,shipped
1152,114,2023-12-08 02:00:00,returned
1153,119,2023-12-08 02:00:00,shipped
1154,4,2023-12-08 02:00:00,return_pending
1155,99,2023-12-08 02:00:00,placed
1156,82,2023-12-08 02:00:00,return_pending
1157,32,2023-12-08 02:00:00,placed
1158,95,2023-12-08 02:00:00,shipped
1159,60,2023-12-08 02:00:00,completed
1160,27,2023-12-08 02:00:00,shipped
1161,90,2023-12-08 02:00:00,completed
1162,15,2023-12-08 02:00:00,placed
1163,36,2023-12-08 02:00:00,placed
1164,100,2023-12-08 02:00:00,returned
1165,67,2023-12-08 02:00:00,completed
1166,83,2023-12-08 02:00:00,return_pending
1167,22,2023-12-08 02:00:00,returned
1168,32,2023-12-08 02:00:00,return_pending
1169,108,2023-12-08 02:00:00,return_pending
1170,49,2023-12-08 02:00:00,placed
1171,122,2023-12-08 02:00:00,return_pending
1172,38,2023-12-08 02:00:00,return_pending
1173,54,2023-12-08 02:00:00,shipped
1174,43,2023-12-08 02:00:00,returned
1175,104,2023-12-08 02:00:00,returned
1176,70,2023-12-08 02:00:00,placed
1177,49,2023-12-08 02:00:00,returned
1178,88,2023-12-08 02:00:00,completed
1179,83,2023-12-08 02:00:00,return_pending
1180,1,2023-12-08 02:00:00,placed
1181,55,2023-12-08 02:00:00,returned
1182,44,2023-12-08 02:00:00,completed
1183,83,2023-12-08 02:00:00,placed
1184,83,2023-12-08 02:00:00,returned
1185,79,2023-12-08 02:00:00,shipped
1186,20,2023-12-08 02:00:00,returned
1187,48,2023-12-08 02:00:00,completed
1188,73,2023-12-08 02:00:00,shipped
1189,120,2023-12-08 02:00:00,return_pending
1190,122,2023-12-08 02:00:00,completed
1191,74,2023-12-08 02:00:00,placed
1192,123,2023-12-08 02:00:00,completed
1193,24,2023-12-08 02:00:00,shipped
1194,92,2023-12-08 02:00:00,completed
1195,66,2023-12-08 02:00:00,placed
1196,8,2023-12-08 02:00:00,placed
1197,27,2023-12-08 02:00:00,placed
1198,2,2023-12-08 02:00:00,return_pending
1199,116,2023-12-08 02:00:00,completed
1200,54,2023-12-08 02:00:00,shipped
1201,3,2023-12-08 02:00:00,return_pending
1202,121,2023-12-08 02:00:00,returned
1203,56,2023-12-08 02:00:00,return_pending
1204,13,2023-12-08 02:00:00,completed
1205,42,2023-12-08 02:00:00,returned
1206,4,2023-12-08 02:00:00,return_pending
1207,68,2023-12-08 02:00:00,completed
1208,30,2023-12-08 02:00:00,completed
1209,110,2023-12-08 02:00:00,return_pending
1210,116,2023-12-08 02:00:00,shipped
1211,76,2023-12-08 02:00:00,returned
1212,73,2023-12-08 02:00:00,returned
1213,49,2023-12-08 02:00:00,placed
1214,33,2023-12-08 02:00:00,returned
1215,36,2023-12-08 02:00:00,completed
1216,144,2023-12-09 02:00:00,shipped
1217,7,2023-12-09 02:00:00,completed
1218,163,2023-12-09 02:00:00,placed
1219,64,2023-12-09 02:00:00,returned
1220,18,2023-12-09 02:00:00,completed
1221,162,2023-12-09 02:00:00,return_pending
1222,108,2023-12-09 02:00:00,return_pending
1223,98,2023-12-09 02:00:00,returned
1224,59,2023-12-09 02:00:00,shipped
1225,17,2023-12-09 02:00:00,returned
1226,78,2023-12-09 02:00:00,shipped
1227,45,2023-12-09 02:00:00,completed
1228,168,2023-12-09 02:00:00,completed
1229,42,2023-12-09 02:00:00,return_pending
1230,126,2023-12-09 02:00:00,return_pending
1231,96,2023-12-09 02:00:00,shipped
1232,93,2023-12-09 02:00:00,completed
1233,117,2023-12-09 02:00:00,completed
1234,150,2023-12-09 02:00:00,return_pending
1235,101,2023-12-09 02:00:00,shipped
1236,24,2023-12-09 02:00:00,placed
1237,91,2023-12-09 02:00:00,shipped
1238,92,2023-12-09 02:00:00,return_pending
1239,154,2023-12-09 02:00:00,return_pending
1240,122,2023-12-09 02:00:00,return_pending
1241,79,2023-12-09 02:00:00,shipped
1242,154,2023-12-09 02:00:00,placed
1243,85,2023-12-09 02:00:00,return_pending
1244,17,2023-12-09 02:00:00,placed
1245,102,2023-12-09 02:00:00,returned
1246,59,2023-12-09 02:00:00,completed
1247,102,2023-12-09 02:00:00,return_pending
1248,8,2023-12-09 02:00:00,return_pending
1249,81,2023-12-09 02:00:00,completed
1250,92,2023-12-09 02:00:00,returned
1251,141,2023-12-09 02:00:00,placed
1252,3,2023-12-09 02:00:00,return_pending
1253,135,2023-12-09 02:00:00,shipped
1254,44,2023-12-09 02:00:00,shipped
1255,166,2023-12-09 02:00:00,shipped
1256,79,2023-12-09 02:00:00,shipped
1257,70,2023-12-09 02:00:00,shipped
1258,10,2023-12-09 02:00:00,shipped
1259,27,2023-12-09 02:00:00,completed
1260,49,2023-12-09 02:00:00,return_pending
1261,49,2023-12-09 02:00:00,returned
1262,108,2023-12-09 02:00:00,returned
1263,79,2023-12-09 02:00:00,return_pending
1264,96,2023-12-09 02:00:00,shipped
1265,74,2023-12-09 02:00:00,returned
1266,1,2023-12-09 02:00:00,return_pending
1267,41,2023-12-09 02:00:00,return_pending
1268,64,2023-12-09 02:00:00,completed
1269,107,2023-12-09 02:00:00,completed
1270,82,2023-12-09 02:00:00,shipped
1271,17,2023-12-09 02:00:00,shipped
1272,160,2023-12-09 02:00:00,return_pending
1273,174,2023-12-09 02:00:00,return_pending
1274,73,2023-12-09 02:00:00,return_pending
1275,114,2023-12-09 02:00:00,return_pending
1276,32,2023-12-09 02:00:00,return_pending
1277,29,2023-12-09 02:00:00,completed
1278,97,2023-12-09 02:00:00,placed
1279,130,2023-12-09 02:00:00,returned
1280,134,2023-12-09 02:00:00,completed
1281,64,2023-12-09 02:00:00,completed
1282,133,2023-12-09 02:00:00,return_pending
1283,70,2023-12-09 02:00:00,completed
1284,12,2023-12-09 02:00:00,return_pending
1285,174,2023-12-09 02:00:00,completed
1286,155,2023-12-09 02:00:00,return_pending
1287,72,2023-12-09 02:00:00,returned
1288,105,2023-12-09 02:00:00,placed
1289,177,2023-12-09 02:00:00,placed
1290,60,2023-12-09 02:00:00,returned
1291,61,2023-12-09 02:00:00,completed
1292,82,2023-12-09 02:00:00,return_pending
1293,103,2023-12-09 02:00:00,completed
1294,15,2023-12-09 02:00:00,placed
1295,39,2023-12-09 02:00:00,return_pending
1296,36,2023-12-09 02:00:00,return_pending
1297,90,2023-12-09 02:00:00,shipped
1298,39,2023-12-09 02:00:00,shipped
1299,85,2023-12-09 02:00:00,returned
1300,58,2023-12-09 02:00:00,returned
1301,111,2023-12-09 02:00:00,completed
1302,157,2023-12-09 02:00:00,completed
1303,62,2023-12-09 02:00:00,placed
1304,177,2023-12-09 02:00:00,returned
1305,36,2023-12-09 02:00:00,returned
1306,172,2023-12-09 02:00:00,placed
1307,140,2023-12-09 02:00:00,shipped
1308,114,2023-12-09 02:00:00,return_pending
1309,104,2023-12-09 02:00:00,placed
1310,37,2023-12-09 02:00:00,completed
1311,164,2023-12-09 02:00:00,return_pending
1312,55,2023-12-09 02:00:00,placed
1313,76,2023-12-09 02:00:00,returned
1314,136,2023-12-09 02:00:00,completed
1315,165,2023-12-09 02:00:00,shipped
1316,111,2023-12-09 02:00:00,return_pending
1317,87,2023-12-09 02:00:00,completed
1318,13,2023-12-09 02:00:00,shipped
1319,51,2023-12-09 02:00:00,placed
1320,2,2023-12-09 02:00:00,return_pending
1321,123,2023-12-09 02:00:00,returned
1322,167,2023-12-09 02:00:00,completed
1323,101,2023-12-09 02:00:00,completed
1324,5,2023-12-09 02:00:00,placed
1325,162,2023-12-09 02:00:00,completed
1326,64,2023-12-09 02:00:00,return_pending
1327,13,2023-12-09 02:00:00,shipped
1328,94,2023-12-09 02:00:00,shipped
1329,54,2023-12-09 02:00:00,shipped
1330,147,2023-12-09 02:00:00,placed
1331,168,2023-12-09 02:00:00,return_pending
1332,30,2023-12-09 02:00:00,return_pending
1333,124,2023-12-09 02:00:00,return_pending
1334,176,2023-12-09 02:00:00,placed
1335,155,2023-12-09 02:00:00,return_pending
1336,151,2023-12-09 02:00:00,shipped
1337,96,2023-12-09 02:00:00,return_pending
1338,165,2023-12-09 02:00:00,return_pending
1339,28,2023-12-09 02:00:00,returned
1340,130,2023-12-09 02:00:00,returned
1341,160,2023-12-09 02:00:00,completed
1342,168,2023-12-09 02:00:00,shipped
1343,55,2023-12-09 02:00:00,placed
1344,35,2023-12-09 02:00:00,returned
1345,80,2023-12-09 02:00:00,returned
1346,148,2023-12-09 02:00:00,completed
1347,156,2023-12-09 02:00:00,returned
1348,105,2023-12-09 02:00:00,completed
1349,95,2023-12-09 02:00:00,return_pending
1350,78,2023-12-09 02:00:00,placed
1351,134,2023-12-09 02:00:00,shipped
1352,107,2023-12-09 02:00:00,return_pending
1353,47,2023-12-09 02:00:00,shipped
1354,96,2023-12-09 02:00:00,returned
1355,23,2023-12-09 02:00:00,placed
1356,140,2023-12-09 02:00:00,returned
1357,27,2023-12-09 02:00:00,shipped
1358,41,2023-12-09 02:00:00,placed
1359,21,2023-12-09 02:00:00,returned
1360,41,2023-12-09 02:00:00,placed
1361,64,2023-12-09 02:00:00,return_pending
1362,16,2023-12-09 02:00:00,return_pending
1363,131,2023-12-09 02:00:00,shipped
1364,35,2023-12-09 02:00:00,shipped
1365,153,2023-12-09 02:00:00,shipped
1366,175,2023-12-09 02:00:00,return_pending
1367,75,2023-12-09 02:00:00,completed
1368,70,2023-12-09 02:00:00,placed
1369,15,2023-12-09 02:00:00,return_pending
1370,5,2023-12-09 02:00:00,returned
1371,156,2023-12-09 02:00:00,return_pending
1372,110,2023-12-09 02:00:00,completed
1373,164,2023-12-09 02:00:00,shipped
1374,173,2023-12-09 02:00:00,shipped
1375,77,2023-12-09 02:00:00,completed
1376,74,2023-12-09 02:00:00,returned
1377,131,2023-12-09 02:00:00,completed
1378,169,2023-12-09 02:00:00,completed
1379,134,2023-12-09 02:00:00,shipped
1380,146,2023-12-09 02:00:00,return_pending
1381,159,2023-12-09 02:00:00,returned
1382,132,2023-12-09 02:00:00,returned
1383,28,2023-12-09 02:00:00,placed
1384,61,2023-12-09 02:00:00,completed
1385,94,2023-12-09 02:00:00,completed
1386,171,2023-12-09 02:00:00,placed
1387,131,2023-12-09 02:00:00,placed
1388,76,2023-12-09 02:00:00,return_pending
1389,42,2023-12-09 02:00:00,returned
1390,65,2023-12-09 02:00:00,placed
1391,123,2023-12-09 02:00:00,completed
1392,49,2023-12-09 02:00:00,shipped
1393,37,2023-12-09 02:00:00,returned
1394,12,2023-12-09 02:00:00,return_pending
1395,89,2023-12-09 02:00:00,placed
1396,90,2023-12-09 02:00:00,return_pending
1397,69,2023-12-09 02:00:00,completed
1398,80,2023-12-09 02:00:00,placed
1399,30,2023-12-09 02:00:00,return_pending
1400,35,2023-12-09 02:00:00,shipped
1401,102,2023-12-09 02:00:00,returned
1402,101,2023-12-09 02:00:00,returned
1403,139,2023-12-09 02:00:00,placed
1404,112,2023-12-09 02:00:00,shipped
1405,72,2023-12-09 02:00:00,returned
1406,89,2023-12-09 02:00:00,placed
1407,56,2023-12-09 02:00:00,completed
1408,116,2023-12-09 02:00:00,returned
1409,74,2023-12-09 02:00:00,shipped
1410,125,2023-12-09 02:00:00,completed
1411,39,2023-12-09 02:00:00,placed
1412,64,2023-12-09 02:00:00,placed
1413,40,2023-12-09 02:00:00,shipped
1414,80,2023-12-09 02:00:00,return_pending
1415,156,2023-12-09 02:00:00,returned
1416,94,2023-12-09 02:00:00,returned
1417,123,2023-12-09 02:00:00,shipped
1418,87,2023-12-09 02:00:00,placed
1419,97,2023-12-09 02:00:00,returned
1420,130,2023-12-09 02:00:00,returned
1421,83,2023-12-09 02:00:00,shipped
1422,152,2023-12-09 02:00:00,placed
1423,89,2023-12-09 02:00:00,shipped
1424,165,2023-12-09 02:00:00,completed
1425,95,2023-12-09 02:00:00,return_pending
1426,37,2023-12-09 02:00:00,return_pending
1427,64,2023-12-09 02:00:00,returned
1428,93,2023-12-09 02:00:00,placed
1429,80,2023-12-09 02:00:00,placed
1430,143,2023-12-09 02:00:00,return_pending
1431,159,2023-12-09 02:00:00,shipped
1432,74,2023-12-09 02:00:00,returned
1433,51,2023-12-09 02:00:00,completed
1434,53,2023-12-09 02:00:00,returned
1435,150,2023-12-09 02:00:00,return_pending
1436,79,2023-12-09 02:00:00,returned
1437,171,2023-12-09 02:00:00,placed
1438,41,2023-12-09 02:00:00,return_pending
1439,157,2023-12-09 02:00:00,completed
1440,77,2023-12-09 02:00:00,return_pending
1441,81,2023-12-09 02:00:00,completed
1442,141,2023-12-09 02:00:00,placed
1443,29,2023-12-09 02:00:00,placed
1444,146,2023-12-09 02:00:00,returned
1445,160,2023-12-09 02:00:00,return_pending
1446,167,2023-12-09 02:00:00,completed
1447,162,2023-12-09 02:00:00,shipped
1448,78,2023-12-09 02:00:00,placed
1449,162,2023-12-09 02:00:00,returned
1450,40,2023-12-09 02:00:00,placed
1451,76,2023-12-09 02:00:00,return_pending
1452,134,2023-12-09 02:00:00,completed
1453,138,2023-12-09 02:00:00,returned
1454,19,2023-12-09 02:00:00,return_pending
1455,72,2023-12-09 02:00:00,returned
1456,155,2023-12-09 02:00:00,placed
1457,142,2023-12-09 02:00:00,placed
1458,135,2023-12-09 02:00:00,returned
1459,82,2023-12-09 02:00:00,return_pending
1460,66,2023-12-09 02:00:00,completed
1461,99,2023-12-09 02:00:00,completed
1462,53,2023-12-09 02:00:00,shipped
1463,101,2023-12-09 02:00:00,return_pending
1464,168,2023-12-09 02:00:00,return_pending
1465,4,2023-12-09 02:00:00,completed
1466,76,2023-12-09 02:00:00,return_pending
1467,90,2023-12-09 02:00:00,shipped
1468,126,2023-12-09 02:00:00,shipped
1469,39,2023-12-09 02:00:00,placed
1470,43,2023-12-09 02:00:00,shipped
1471,129,2023-12-09 02:00:00,shipped
1472,86,2023-12-09 02:00:00,placed
1473,63,2023-12-09 02:00:00,completed
1474,56,2023-12-09 02:00:00,placed
1475,18,2023-12-09 02:00:00,placed
1476,11,2023-12-09 02:00:00,return_pending
1477,9,2023-12-09 02:00:00,return_pending
1478,24,2023-12-09 02:00:00,placed
1479,25,2023-12-09 02:00:00,shipped
1480,77,2023-12-09 02:00:00,returned
1481,109,2023-12-09 02:00:00,return_pending
1482,157,2023-12-09 02:00:00,completed
1483,52,2023-12-09 02:00:00,completed
1484,114,2023-12-09 02:00:00,return_pending
1485,68,2023-12-09 02:00:00,returned
1486,163,2023-12-09 02:00:00,placed
1487,162,2023-12-09 02:00:00,completed
1488,162,2023-12-09 02:00:00,placed
1489,131,2023-12-09 02:00:00,placed
1490,128,2023-12-09 02:00:00,placed
1491,58,2023-12-09 02:00:00,returned
1492,101,2023-12-09 02:00:00,completed
1493,15,2023-12-09 02:00:00,completed
1494,55,2023-12-09 02:00:00,return_pending
1495,43,2023-12-09 02:00:00,shipped
1496,176,2023-12-09 02:00:00,returned
1497,34,2023-12-09 02:00:00,shipped
1498,3,2023-12-09 02:00:00,shipped
1499,151,2023-12-09 02:00:00,return_pending
1500,39,2023-12-09 02:00:00,return_pending
1501,130,2023-12-09 02:00:00,placed
1502,54,2023-12-09 02:00:00,completed
1503,43,2023-12-09 02:00:00,placed
1504,22,2023-12-09 02:00:00,placed
1505,161,2023-12-09 02:00:00,placed
1506,93,2023-12-09 02:00:00,placed
1507,28,2023-12-09 02:00:00,shipped
1508,128,2023-12-09 02:00:00,return_pending
1509,149,2023-12-09 02:00:00,returned
1510,85,2023-12-09 02:00:00,placed
1511,166,2023-12-09 02:00:00,shipped
1512,83,2023-12-09 02:00:00,returned
1513,30,2023-12-09 02:00:00,return_pending
1514,54,2023-12-09 02:00:00,placed
1515,119,2023-12-09 02:00:00,returned
1516,13,2023-12-09 02:00:00,return_pending
1517,176,2023-12-09 02:00:00,shipped
1518,80,2023-12-09 02:00:00,shipped
1519,15,2023-12-09 02:00:00,placed
1520,153,2023-12-09 02:00:00,placed
1521,42,2023-12-09 02:00:00,shipped
1522,46,2023-12-09 02:00:00,return_pending
1523,72,2023-12-09 02:00:00,placed
1524,105,2023-12-09 02:00:00,return_pending
1525,157,2023-12-09 02:00:00,return_pending
1526,153,2023-12-09 02:00:00,placed
1527,21,2023-12-09 02:00:00,placed
1528,138,2023-12-09 02:00:00,returned
1529,108,2023-12-09 02:00:00,returned
1530,68,2023-12-09 02:00:00,returned
1531,59,2023-12-09 02:00:00,placed
1532,155,2023-12-09 02:00:00,shipped
1533,167,2023-12-10 02:00:00,completed
1534,192,2023-12-10 02:00:00,placed
1535,123,2023-12-10 02:00:00,returned
1536,45,2023-12-10 02:00:00,return_pending
1537,64,2023-12-10 02:00:00,shipped
1538,145,2023-12-10 02:00:00,completed
1539,170,2023-12-10 02:00:00,returned
1540,46,2023-12-10 02:00:00,return_pending
1541,74,2023-12-10 02:00:00,shipped
1542,196,2023-12-10 02:00:00,return_pending
1543,136,2023-12-10 02:00:00,placed
1544,121,2023-12-10 02:00:00,placed
1545,4,2023-12-10 02:00:00,return_pending
1546,153,2023-12-10 02:00:00,return_pending
1547,38,2023-12-10 02:00:00,completed
1548,125,2023-12-10 02:00:00,returned
1549,33,2023-12-10 02:00:00,placed
1550,3,2023-12-10 02:00:00,return_pending
1551,151,2023-12-10 02:00:00,completed
1552,108,2023-12-10 02:00:00,returned
1553,25,2023-12-10 02:00:00,returned
1554,161,2023-12-10 02:00:00,returned
1555,179,2023-12-10 02:00:00,shipped
1556,203,2023-12-10 02:00:00,returned
1557,113,2023-12-10 02:00:00,shipped
1558,122,2023-12-10 02:00:00,placed
1559,196,2023-12-10 02:00:00,return_pending
1560,83,2023-12-10 02:00:00,return_pending
1561,86,2023-12-10 02:00:00,completed
1562,7,2023-12-10 02:00:00,shipped
1563,195,2023-12-10 02:00:00,shipped
1564,101,2023-12-10 02:00:00,shipped
1565,26,2023-12-10 02:00:00,shipped
1566,49,2023-12-10 02:00:00,returned
1567,144,2023-12-10 02:00:00,placed
1568,204,2023-12-10 02:00:00,completed
1569,170,2023-12-10 02:00:00,returned
1570,98,2023-12-10 02:00:00,return_pending
1571,165,2023-12-10 02:00:00,completed
1572,28,2023-12-10 02:00:00,return_pending
1573,113,2023-12-10 02:00:00,placed
1574,28,2023-12-10 02:00:00,shipped
1575,177,2023-12-10 02:00:00,shipped
1576,83,2023-12-10 02:00:00,placed
1577,126,2023-12-10 02:00:00,completed
1578,79,2023-12-10 02:00:00,returned
1579,6,2023-12-10 02:00:00,completed
1580,52,2023-12-10 02:00:00,returned
1581,44,2023-12-10 02:00:00,completed
1582,31,2023-12-10 02:00:00,return_pending
1583,119,2023-12-10 02:00:00,shipped
1584,206,2023-12-10 02:00:00,return_pending
1585,151,2023-12-10 02:00:00,returned
1586,146,2023-12-10 02:00:00,completed
1587,91,2023-12-10 02:00:00,completed
1588,167,2023-12-10 02:00:00,shipped
1589,122,2023-12-10 02:00:00,completed
1590,74,2023-12-10 02:00:00,placed
1591,101,2023-12-10 02:00:00,completed
1592,119,2023-12-10 02:00:00,completed
1593,78,2023-12-10 02:00:00,return_pending
1594,23,2023-12-10 02:00:00,completed
1595,67,2023-12-10 02:00:00,shipped
1596,191,2023-12-10 02:00:00,shipped
1597,115,2023-12-10 02:00:00,returned
1598,100,2023-12-10 02:00:00,shipped
1599,141,2023-12-10 02:00:00,returned
1600,143,2023-12-10 02:00:00,shipped
1601,77,2023-12-10 02:00:00,placed
1602,203,2023-12-10 02:00:00,returned
1603,58,2023-12-10 02:00:00,completed
1604,105,2023-12-10 02:00:00,return_pending
1605,142,2023-12-10 02:00:00,placed
1606,127,2023-12-10 02:00:00,returned
1607,27,2023-12-10 02:00:00,returned
1608,197,2023-12-10 02:00:00,placed
1609,199,2023-12-10 02:00:00,return_pending
1610,84,2023-12-10 02:00:00,completed
1611,85,2023-12-10 02:00:00,placed
1612,9,2023-12-10 02:00:00,shipped
1613,189,2023-12-10 02:00:00,return_pending
1614,137,2023-12-10 02:00:00,completed
1615,106,2023-12-10 02:00:00,completed
1616,86,2023-12-10 02:00:00,return_pending
1617,44,2023-12-10 02:00:00,return_pending
1618,85,2023-12-10 02:00:00,returned
1619,196,2023-12-10 02:00:00,placed
1620,87,2023-12-10 02:00:00,return_pending
1621,98,2023-12-10 02:00:00,shipped
1622,52,2023-12-10 02:00:00,shipped
1623,8,2023-12-10 02:00:00,shipped
1624,204,2023-12-10 02:00:00,return_pending
1625,164,2023-12-10 02:00:00,completed
1626,34,2023-12-10 02:00:00,returned
1627,130,2023-12-10 02:00:00,completed
1628,126,2023-12-10 02:00:00,return_pending
1629,81,2023-12-10 02:00:00,shipped
1630,14,2023-12-10 02:00:00,return_pending
1631,93,2023-12-10 02:00:00,completed
1632,18,2023-12-10 02:00:00,returned
1633,114,2023-12-10 02:00:00,completed
1634,157,2023-12-10 02:00:00,placed
1635,142,2023-12-10 02:00:00,completed
1636,127,2023-12-10 02:00:00,return_pending
1637,204,2023-12-10 02:00:00,return_pending
1638,191,2023-12-10 02:00:00,completed
1639,139,2023-12-10 02:00:00,shipped
1640,52,2023-12-10 02:00:00,returned
1641,191,2023-12-10 02:00:00,placed
1642,100,2023-12-10 02:00:00,returned
1643,91,2023-12-10 02:00:00,return_pending
1644,96,2023-12-10 02:00:00,placed
1645,53,2023-12-10 02:00:00,completed
1646,67,2023-12-10 02:00:00,returned
1647,16,2023-12-10 02:00:00,completed
1648,211,2023-12-10 02:00:00,return_pending
1649,37,2023-12-10 02:00:00,completed
1650,39,2023-12-10 02:00:00,returned
1651,186,2023-12-10 02:00:00,return_pending
1652,177,2023-12-10 02:00:00,shipped
1653,191,2023-12-10 02:00:00,return_pending
1654,85,2023-12-10 02:00:00,completed
1655,163,2023-12-10 02:00:00,completed
1656,58,2023-12-10 02:00:00,completed
1657,37,2023-12-10 02:00:00,return_pending
1658,212,2023-12-10 02:00:00,return_pending
1659,43,2023-12-10 02:00:00,return_pending
1660,163,2023-12-10 02:00:00,returned
1661,85,2023-12-10 02:00:00,return_pending
1662,119,2023-12-10 02:00:00,placed
1663,213,2023-12-10 02:00:00,returned
1664,208,2023-12-10 02:00:00,placed
1665,178,2023-12-10 02:00:00,completed
1666,120,2023-12-10 02:00:00,return_pending
1667,37,2023-12-10 02:00:00,shipped
1668,12,2023-12-10 02:00:00,shipped
1669,205,2023-12-10 02:00:00,completed
1670,4,2023-12-10 02:00:00,returned
1671,55,2023-12-10 02:00:00,returned
1672,206,2023-12-10 02:00:00,returned
1673,191,2023-12-10 02:00:00,placed
1674,38,2023-12-10 02:00:00,returned
1675,194,2023-12-10 02:00:00,returned
1676,2,2023-12-10 02:00:00,return_pending
1677,22,2023-12-10 02:00:00,returned
1678,203,2023-12-10 02:00:00,shipped
1679,153,2023-12-10 02:00:00,return_pending
1680,94,2023-12-10 02:00:00,returned
1681,34,2023-12-10 02:00:00,placed
1682,90,2023-12-10 02:00:00,returned
1683,93,2023-12-10 02:00:00,shipped
1684,32,2023-12-10 02:00:00,returned
1685,196,2023-12-10 02:00:00,shipped
1686,84,2023-12-10 02:00:00,shipped
1687,164,2023-12-10 02:00:00,completed
1688,103,2023-12-10 02:00:00,shipped
1689,184,2023-12-10 02:00:00,placed
1690,48,2023-12-10 02:00:00,return_pending
1691,164,2023-12-10 02:00:00,return_pending
1692,103,2023-12-10 02:00:00,return_pending
1693,201,2023-12-10 02:00:00,returned
1694,20,2023-12-10 02:00:00,shipped
1695,30,2023-12-10 02:00:00,returned
1696,80,2023-12-10 02:00:00,shipped
1697,51,2023-12-10 02:00:00,completed
1698,102,2023-12-10 02:00:00,returned
1699,153,2023-12-10 02:00:00,shipped
1700,11,2023-12-10 02:00:00,shipped
1701,127,2023-12-10 02:00:00,placed
1702,34,2023-12-10 02:00:00,return_pending
1703,153,2023-12-10 02:00:00,returned
1704,94,2023-12-10 02:00:00,return_pending
1705,120,2023-12-10 02:00:00,placed
1706,89,2023-12-10 02:00:00,return_pending
1707,113,2023-12-10 02:00:00,shipped
1708,41,2023-12-10 02:00:00,shipped
1709,96,2023-12-10 02:00:00,placed
1710,160,2023-12-10 02:00:00,placed
1711,202,2023-12-10 02:00:00,placed
1712,39,2023-12-10 02:00:00,returned
1713,72,2023-12-10 02:00:00,shipped
1714,39,2023-12-10 02:00:00,return_pending
1715,174,2023-12-10 02:00:00,completed
1716,101,2023-12-10 02:00:00,shipped
1717,131,2023-12-10 02:00:00,completed
1718,105,2023-12-10 02:00:00,shipped
1719,112,2023-12-10 02:00:00,returned
1720,120,2023-12-10 02:00:00,shipped
1721,69,2023-12-10 02:00:00,shipped
1722,54,2023-12-10 02:00:00,completed
1723,70,2023-12-10 02:00:00,return_pending
1724,124,2023-12-10 02:00:00,completed
1725,95,2023-12-10 02:00:00,returned
1726,161,2023-12-10 02:00:00,placed
1727,93,2023-12-10 02:00:00,completed
1728,19,2023-12-10 02:00:00,shipped
1729,186,2023-12-10 02:00:00,return_pending
1730,167,2023-12-10 02:00:00,completed
1731,25,2023-12-10 02:00:00,returned
1732,78,2023-12-10 02:00:00,shipped
1733,167,2023-12-10 02:00:00,shipped
1734,86,2023-12-10 02:00:00,returned
1735,203,2023-12-10 02:00:00,placed
1736,208,2023-12-10 02:00:00,shipped
1737,63,2023-12-10 02:00:00,return_pending
1738,70,2023-12-10 02:00:00,completed
1739,147,2023-12-10 02:00:00,returned
1740,213,2023-12-10 02:00:00,shipped
1741,164,2023-12-10 02:00:00,placed
1742,192,2023-12-10 02:00:00,return_pending
1743,172,2023-12-10 02:00:00,returned
1744,87,2023-12-10 02:00:00,returned
1745,210,2023-12-10 02:00:00,shipped
1746,5,2023-12-10 02:00:00,placed
1747,121,2023-12-10 02:00:00,return_pending
1748,135,2023-12-10 02:00:00,placed
1749,102,2023-12-10 02:00:00,return_pending
1750,18,2023-12-10 02:00:00,completed
1751,204,2023-12-10 02:00:00,completed
1752,122,2023-12-10 02:00:00,completed
1753,101,2023-12-10 02:00:00,returned
1754,200,2023-12-10 02:00:00,shipped
1755,24,2023-12-10 02:00:00,placed
1756,100,2023-12-10 02:00:00,placed
1757,181,2023-12-10 02:00:00,placed
1758,201,2023-12-10 02:00:00,shipped
1759,23,2023-12-10 02:00:00,completed
1760,92,2023-12-10 02:00:00,returned
1761,164,2023-12-10 02:00:00,completed
1762,75,2023-12-10 02:00:00,return_pending
1763,148,2023-12-10 02:00:00,return_pending
1764,22,2023-12-10 02:00:00,shipped
1765,12,2023-12-10 02:00:00,completed
1766,137,2023-12-10 02:00:00,placed
1767,16,2023-12-10 02:00:00,completed
1768,145,2023-12-10 02:00:00,completed
1769,175,2023-12-10 02:00:00,completed
1770,10,2023-12-10 02:00:00,returned
1771,78,2023-12-10 02:00:00,shipped
1772,84,2023-12-10 02:00:00,return_pending
1773,129,2023-12-10 02:00:00,return_pending
1774,125,2023-12-10 02:00:00,shipped
1775,200,2023-12-10 02:00:00,shipped
1776,205,2023-12-10 02:00:00,return_pending
1777,167,2023-12-10 02:00:00,placed
1778,174,2023-12-10 02:00:00,shipped
1779,182,2023-12-10 02:00:00,return_pending
1780,134,2023-12-10 02:00:00,completed
1781,198,2023-12-10 02:00:00,return_pending
1782,156,2023-12-10 02:00:00,completed
1783,39,2023-12-10 02:00:00,placed
1784,154,2023-12-10 02:00:00,returned
1785,180,2023-12-10 02:00:00,placed
1786,64,2023-12-10 02:00:00,returned
1787,181,2023-12-10 02:00:00,returned
1788,41,2023-12-10 02:00:00,placed
1789,25,2023-12-10 02:00:00,placed
1790,193,2023-12-10 02:00:00,shipped
1791,107,2023-12-10 02:00:00,return_pending
1792,93,2023-12-10 02:00:00,completed
1793,210,2023-12-10 02:00:00,return_pending
1794,35,2023-12-10 02:00:00,return_pending
1795,72,2023-12-10 02:00:00,shipped
1796,46,2023-12-10 02:00:00,returned
1797,19,2023-12-10 02:00:00,completed
1798,166,2023-12-10 02:00:00,shipped
1799,9,2023-12-10 02:00:00,placed
1800,105,2023-12-10 02:00:00,return_pending
1801,95,2023-12-10 02:00:00,placed
1802,96,2023-12-10 02:00:00,shipped
1803,204,2023-12-10 02:00:00,shipped
1804,199,2023-12-10 02:00:00,shipped
1805,103,2023-12-10 02:00:00,placed
1806,119,2023-12-10 02:00:00,placed
1807,102,2023-12-10 02:00:00,completed
1808,21,2023-12-10 02:00:00,return_pending
1809,203,2023-12-10 02:00:00,returned
1810,59,2023-12-10 02:00:00,shipped
1811,108,2023-12-10 02:00:00,completed
1812,5,2023-12-10 02:00:00,placed
1813,197,2023-12-10 02:00:00,placed
1814,135,2023-12-10 02:00:00,completed
1815,91,2023-12-10 02:00:00,placed
1816,118,2023-12-10 02:00:00,placed
1817,88,2023-12-10 02:00:00,return_pending
1818,39,2023-12-10 02:00:00,return_pending
1819,118,2023-12-10 02:00:00,completed
1820,210,2023-12-10 02:00:00,return_pending
1821,136,2023-12-10 02:00:00,shipped
1822,119,2023-12-10 02:00:00,return_pending
1823,141,2023-12-10 02:00:00,placed
1824,137,2023-12-10 02:00:00,completed
1825,72,2023-12-10 02:00:00,return_pending
1826,254,2023-12-11 02:00:00,shipped
1827,67,2023-12-11 02:00:00,shipped
1828,59,2023-12-11 02:00:00,returned
1829,217,2023-12-11 02:00:00,placed
1830,242,2023-12-11 02:00:00,completed
1831,241,2023-12-11 02:00:00,returned
1832,149,2023-12-11 02:00:00,shipped
1833,57,2023-12-11 02:00:00,shipped
1834,131,2023-12-11 02:00:00,placed
1835,199,2023-12-11 02:00:00,completed
1836,66,2023-12-11 02:00:00,completed
1837,17,2023-12-11 02:00:00,completed
1838,121,2023-12-11 02:00:00,returned
1839,180,2023-12-11 02:00:00,returned
1840,101,2023-12-11 02:00:00,shipped
1841,33,2023-12-11 02:00:00,return_pending
1842,172,2023-12-11 02:00:00,returned
1843,202,2023-12-11 02:00:00,returned
1844,133,2023-12-11 02:00:00,shipped
1845,154,2023-12-11 02:00:00,returned
1846,123,2023-12-11 02:00:00,returned
1847,242,2023-12-11 02:00:00,shipped
1848,184,2023-12-11 02:00:00,returned
1849,71,2023-12-11 02:00:00,placed
1850,154,2023-12-11 02:00:00,shipped
1851,180,2023-12-11 02:00:00,placed
1852,6,2023-12-11 02:00:00,placed
1853,243,2023-12-11 02:00:00,placed
1854,125,2023-12-11 02:00:00,returned
1855,81,2023-12-11 02:00:00,placed
1856,119,2023-12-11 02:00:00,return_pending
1857,139,2023-12-11 02:00:00,completed
1858,151,2023-12-11 02:00:00,placed
1859,44,2023-12-11 02:00:00,placed
1860,78,2023-12-11 02:00:00,return_pending
1861,142,2023-12-11 02:00:00,shipped
1862,244,2023-12-11 02:00:00,return_pending
1863,64,2023-12-11 02:00:00,placed
1864,244,2023-12-11 02:00:00,shipped
1865,82,2023-12-11 02:00:00,completed
1866,117,2023-12-11 02:00:00,placed
1867,37,2023-12-11 02:00:00,placed
1868,4,2023-12-11 02:00:00,shipped
1869,145,2023-12-11 02:00:00,completed
1870,17,2023-12-11 02:00:00,returned
1871,123,2023-12-11 02:00:00,shipped
1872,20,2023-12-11 02:00:00,shipped
1873,117,2023-12-11 02:00:00,completed
1874,64,2023-12-11 02:00:00,returned
1875,194,2023-12-11 02:00:00,shipped
1876,55,2023-12-11 02:00:00,shipped
1877,43,2023-12-11 02:00:00,returned
1878,116,2023-12-11 02:00:00,placed
1879,71,2023-12-11 02:00:00,shipped
1880,179,2023-12-11 02:00:00,return_pending
1881,139,2023-12-11 02:00:00,completed
1882,51,2023-12-11 02:00:00,returned
1883,17,2023-12-11 02:00:00,returned
1884,77,2023-12-11 02:00:00,shipped
1885,26,2023-12-11 02:00:00,placed
1886,138,2023-12-11 02:00:00,shipped
1887,208,2023-12-11 02:00:00,return_pending
1888,249,2023-12-11 02:00:00,placed
1889,24,2023-12-11 02:00:00,shipped
1890,219,2023-12-11 02:00:00,shipped
1891,63,2023-12-11 02:00:00,completed
1892,79,2023-12-11 02:00:00,shipped
1893,250,2023-12-11 02:00:00,returned
1894,221,2023-12-11 02:00:00,returned
1895,33,2023-12-11 02:00:00,shipped
1896,169,2023-12-11 02:00:00,completed
1897,2,2023-12-11 02:00:00,shipped
1898,221,2023-12-11 02:00:00,returned
1899,86,2023-12-11 02:00:00,return_pending
1900,251,2023-12-11 02:00:00,return_pending
1901,148,2023-12-11 02:00:00,completed
1902,42,2023-12-11 02:00:00,shipped
1903,11,2023-12-11 02:00:00,returned
1904,225,2023-12-11 02:00:00,shipped
1905,192,2023-12-11 02:00:00,placed
1906,16,2023-12-11 02:00:00,placed
1907,162,2023-12-11 02:00:00,completed
1908,155,2023-12-11 02:00:00,return_pending
1909,37,2023-12-11 02:00:00,return_pending
1910,186,2023-12-11 02:00:00,returned
1911,149,2023-12-11 02:00:00,shipped
1912,53,2023-12-11 02:00:00,shipped
1913,102,2023-12-11 02:00:00,returned
1914,176,2023-12-11 02:00:00,return_pending
1915,190,2023-12-11 02:00:00,return_pending
1916,211,2023-12-11 02:00:00,completed
1917,166,2023-12-11 02:00:00,returned
1918,131,2023-12-11 02:00:00,completed
1919,62,2023-12-11 02:00:00,placed
1920,38,2023-12-11 02:00:00,placed
1921,127,2023-12-11 02:00:00,completed
1922,118,2023-12-11 02:00:00,completed
1923,190,2023-12-11 02:00:00,placed
1924,229,2023-12-11 02:00:00,shipped
1925,208,2023-12-11 02:00:00,returned
1926,203,2023-12-11 02:00:00,shipped
1927,147,2023-12-11 02:00:00,completed
1928,213,2023-12-11 02:00:00,shipped
1929,21,2023-12-11 02:00:00,shipped
1930,190,2023-12-11 02:00:00,shipped
1931,60,2023-12-11 02:00:00,completed
1932,73,2023-12-11 02:00:00,shipped
1933,43,2023-12-11 02:00:00,placed
1934,61,2023-12-11 02:00:00,shipped
1935,5,2023-12-11 02:00:00,completed
1936,228,2023-12-11 02:00:00,completed
1937,199,2023-12-11 02:00:00,placed
1938,114,2023-12-11 02:00:00,completed
1939,172,2023-12-11 02:00:00,shipped
1940,216,2023-12-11 02:00:00,shipped
1941,94,2023-12-11 02:00:00,return_pending
1942,45,2023-12-11 02:00:00,placed
1943,28,2023-12-11 02:00:00,completed
1944,101,2023-12-11 02:00:00,returned
1945,198,2023-12-11 02:00:00,return_pending
1946,128,2023-12-11 02:00:00,returned
1947,177,2023-12-11 02:00:00,returned
1948,182,2023-12-11 02:00:00,shipped
1949,48,2023-12-11 02:00:00,shipped
1950,203,2023-12-11 02:00:00,return_pending
1951,77,2023-12-11 02:00:00,placed
1952,7,2023-12-11 02:00:00,placed
1953,35,2023-12-11 02:00:00,returned
1954,163,2023-12-11 02:00:00,completed
1955,107,2023-12-11 02:00:00,returned
1956,120,2023-12-11 02:00:00,completed
1957,230,2023-12-11 02:00:00,completed
1958,18,2023-12-11 02:00:00,completed
1959,4,2023-12-11 02:00:00,shipped
1960,222,2023-12-11 02:00:00,placed
1961,253,2023-12-11 02:00:00,placed
1962,15,2023-12-11 02:00:00,shipped
1963,219,2023-12-11 02:00:00,shipped
1964,150,2023-12-11 02:00:00,placed
1965,46,2023-12-11 02:00:00,placed
1966,65,2023-12-11 02:00:00,placed
1967,116,2023-12-11 02:00:00,completed
1968,35,2023-12-11 02:00:00,placed
1969,87,2023-12-11 02:00:00,return_pending
1970,251,2023-12-11 02:00:00,completed
1971,116,2023-12-11 02:00:00,return_pending
1972,142,2023-12-11 02:00:00,completed
1973,67,2023-12-11 02:00:00,completed
1974,75,2023-12-11 02:00:00,placed
1975,179,2023-12-11 02:00:00,completed
1976,216,2023-12-11 02:00:00,shipped
1977,66,2023-12-11 02:00:00,return_pending
1978,56,2023-12-11 02:00:00,shipped
1979,63,2023-12-11 02:00:00,placed
1980,188,2023-12-11 02:00:00,shipped
1981,36,2023-12-11 02:00:00,completed
1982,224,2023-12-11 02:00:00,return_pending
1983,114,2023-12-11 02:00:00,returned
1984,154,2023-12-11 02:00:00,returned
1985,176,2023-12-11 02:00:00,completed
1986,142,2023-12-11 02:00:00,shipped
1987,72,2023-12-11 02:00:00,return_pending
1988,131,2023-12-11 02:00:00,shipped
1989,26,2023-12-11 02:00:00,returned
1990,242,2023-12-11 02:00:00,placed
1991,94,2023-12-11 02:00:00,placed
1992,235,2023-12-11 02:00:00,shipped
1993,244,2023-12-11 02:00:00,completed
1994,58,2023-12-11 02:00:00,returned
1995,120,2023-12-11 02:00:00,placed
1996,200,2023-12-11 02:00:00,shipped
1997,228,2023-12-11 02:00:00,placed
1998,111,2023-12-11 02:00:00,return_pending
1999,214,2023-12-11 02:00:00,return_pending
2000,221,2023-12-11 02:00:00,completed
2001,14,2023-12-11 02:00:00,shipped
2002,38,2023-12-11 02:00:00,returned
2003,110,2023-12-11 02:00:00,placed
2004,215,2023-12-11 02:00:00,returned
2005,177,2023-12-11 02:00:00,completed
2006,26,2023-12-11 02:00:00,returned
2007,1,2023-12-11 02:00:00,completed
2008,39,2023-12-11 02:00:00,returned
2009,194,2023-12-11 02:00:00,shipped
2010,45,2023-12-11 02:00:00,completed
2011,18,2023-12-11 02:00:00,shipped
2012,4,2023-12-11 02:00:00,completed
2013,101,2023-12-11 02:00:00,returned
2014,220,2023-12-11 02:00:00,placed
2015,67,2023-12-11 02:00:00,completed
2016,183,2023-12-11 02:00:00,placed
2017,200,2023-12-11 02:00:00,placed
2018,41,2023-12-11 02:00:00,return_pending
2019,190,2023-12-11 02:00:00,completed
2020,232,2023-12-11 02:00:00,returned
2021,67,2023-12-11 02:00:00,completed
2022,7,2023-12-11 02:00:00,completed
2023,89,2023-12-11 02:00:00,return_pending
2024,173,2023-12-11 02:00:00,placed
2025,196,2023-12-11 02:00:00,shipped
2026,106,2023-12-11 02:00:00,completed
2027,108,2023-12-11 02:00:00,return_pending
2028,157,2023-12-11 02:00:00,shipped
2029,73,2023-12-11 02:00:00,completed
2030,96,2023-12-11 02:00:00,placed
2031,127,2023-12-11 02:00:00,placed
2032,230,2023-12-11 02:00:00,completed
2033,81,2023-12-11 02:00:00,completed
2034,87,2023-12-11 02:00:00,return_pending
2035,24,2023-12-11 02:00:00,completed
2036,204,2023-12-11 02:00:00,returned
2037,254,2023-12-11 02:00:00,returned
2038,52,2023-12-11 02:00:00,completed
2039,153,2023-12-11 02:00:00,return_pending
2040,204,2023-12-11 02:00:00,completed
2041,75,2023-12-11 02:00:00,returned
2042,201,2023-12-11 02:00:00,shipped
2043,186,2023-12-11 02:00:00,return_pending
2044,101,2023-12-11 02:00:00,return_pending
2045,240,2023-12-11 02:00:00,completed
2046,51,2023-12-11 02:00:00,placed
2047,28,2023-12-11 02:00:00,placed
2048,125,2023-12-11 02:00:00,returned
2049,187,2023-12-11 02:00:00,placed
2050,93,2023-12-11 02:00:00,returned
2051,144,2023-12-11 02:00:00,shipped
2052,143,2023-12-11 02:00:00,placed
2053,170,2023-12-11 02:00:00,placed
2054,224,2023-12-11 02:00:00,placed
2055,200,2023-12-11 02:00:00,return_pending
2056,140,2023-12-11 02:00:00,placed
2057,196,2023-12-11 02:00:00,completed
2058,167,2023-12-11 02:00:00,returned
2059,109,2023-12-11 02:00:00,shipped
2060,188,2023-12-11 02:00:00,placed
2061,33,2023-12-11 02:00:00,placed
2062,24,2023-12-11 02:00:00,return_pending
2063,169,2023-12-11 02:00:00,returned
2064,154,2023-12-11 02:00:00,returned
2065,170,2023-12-11 02:00:00,shipped
2066,210,2023-12-11 02:00:00,returned
2067,17,2023-12-11 02:00:00,return_pending
2068,103,2023-12-11 02:00:00,shipped
2069,143,2023-12-11 02:00:00,placed
2070,76,2023-12-11 02:00:00,placed
2071,66,2023-12-11 02:00:00,returned
2072,144,2023-12-11 02:00:00,return_pending
2073,157,2023-12-11 02:00:00,return_pending
2074,74,2023-12-11 02:00:00,return_pending
2075,157,2023-12-11 02:00:00,return_pending
2076,44,2023-12-11 02:00:00,shipped
2077,21,2023-12-11 02:00:00,shipped
2078,145,2023-12-11 02:00:00,completed
2079,61,2023-12-11 02:00:00,return_pending
2080,120,2023-12-11 02:00:00,placed
2081,100,2023-12-11 02:00:00,completed
2082,220,2023-12-11 02:00:00,shipped
2083,98,2023-12-11 02:00:00,return_pending
2084,243,2023-12-11 02:00:00,completed
2085,199,2023-12-11 02:00:00,return_pending
2086,184,2023-12-11 02:00:00,placed
2087,154,2023-12-11 02:00:00,placed
2088,212,2023-12-11 02:00:00,completed
2089,40,2023-12-11 02:00:00,shipped
2090,75,2023-12-11 02:00:00,completed
2091,47,2023-12-11 02:00:00,shipped
2092,154,2023-12-11 02:00:00,return_pending
2093,179,2023-12-11 02:00:00,placed
2094,162,2023-12-11 02:00:00,return_pending
2095,1,2023-12-11 02:00:00,placed
2096,182,2023-12-11 02:00:00,shipped
2097,177,2023-12-11 02:00:00,placed
2098,225,2023-12-11 02:00:00,placed
2099,26,2023-12-11 02:00:00,return_pending
2100,53,2023-12-11 02:00:00,placed
2101,166,2023-12-11 02:00:00,returned
2102,92,2023-12-11 02:00:00,completed
2103,142,2023-12-11 02:00:00,shipped
2104,3,2023-12-11 02:00:00,placed
2105,25,2023-12-11 02:00:00,completed
2106,251,2023-12-11 02:00:00,returned
2107,228,2023-12-11 02:00:00,placed
2108,183,2023-12-11 02:00:00,return_pending
2109,123,2023-12-11 02:00:00,completed
2110,181,2023-12-11 02:00:00,shipped
2111,136,2023-12-11 02:00:00,completed
2112,129,2023-12-11 02:00:00,return_pending
2113,149,2023-12-11 02:00:00,return_pending
2114,80,2023-12-11 02:00:00,return_pending
2115,241,2023-12-11 02:00:00,completed
2116,15,2023-12-11 02:00:00,completed
2117,249,2023-12-11 02:00:00,return_pending
2118,153,2023-12-11 02:00:00,completed
2119,175,2023-12-11 02:00:00,placed
2120,186,2023-12-11 02:00:00,shipped
2121,180,2023-12-11 02:00:00,shipped
2122,169,2023-12-11 02:00:00,return_pending
2123,211,2023-12-11 02:00:00,placed
2124,223,2023-12-11 02:00:00,completed
2125,102,2023-12-11 02:00:00,shipped
2126,204,2023-12-11 02:00:00,placed
2127,50,2023-12-11 02:00:00,returned
2128,154,2023-12-11 02:00:00,placed
2129,226,2023-12-11 02:00:00,return_pending
2130,240,2023-12-11 02:00:00,completed
2131,53,2023-12-11 02:00:00,placed
2132,159,2023-12-11 02:00:00,returned
2133,190,2023-12-11 02:00:00,placed
2134,239,2023-12-11 02:00:00,returned
2135,232,2023-12-11 02:00:00,shipped
2136,130,2023-12-11 02:00:00,shipped
2137,105,2023-12-11 02:00:00,completed
