id,user_id,user_email,hashed_password,signup_date
1,1,Johnnyp.1@example.com,1af92a62ed06f9843b9ba1b66ea9e3fefa2ee3d327124f20b764a6c0a14fe4c9,2023-11-15 02:00:00
2,2,Arthurr.2@example.com,6059d53c96c450917411b00f7424f344cfe8775f660943eb1a31c6434a15bb05,2023-11-19 02:00:00
3,3,Davidp.3@example.com,6a3d5d19834a9022f0b3c8e50f37c9f3340604a6b67647187e1154db86e7d04c,2023-12-04 02:00:00
4,4,Elizabetht.4@example.com,8d22f53b5988385e5e92fcf31bd604307bea64c9c478a1ae070eda7d4b23d09a,2023-11-19 02:00:00
5,5,Haroldo.5@example.com,c52923c5aff06d2373038084052671e248ca6737abfbbd990a31c649bfaea7a1,2023-11-27 02:00:00
6,6,Gloriae.6@example.com,071a6ef037303be1cd4e1e74205bcfee337c9ade9fd2812fd7211a87946fd305,2023-12-01 02:00:00
7,7,Mariam.7@example.com,c9624bc4cf352dbb2c981e0ab3f8d19e0204224d5c9cca5919fec8944df5f064,2023-11-27 02:00:00
8,8,Henryc.8@example.com,246aab66e40e66a1934abcbff452146220cabcc5f6b733c3a1d1c024fa78128d,2023-11-26 02:00:00
9,9,Harryp.9@example.com,0ffdbee96c2a2d82a2f831236ad753b411bf61e4a35487a9069b90081280e807,2023-11-30 02:00:00
10,10,Mariap.10@example.com,74842f082403d6a02abb4f7930c9ba9949369e1e2cdcaf98efb14939b8f8f469,2023-12-05 02:00:00
11,11,Jacquelinep.11@example.com,411f31273dd0dbfefb8bf45e16c924da72ec0bf39b7648772ef5af8fb24a8d50,2023-11-30 02:00:00
12,12,Frankt.12@example.com,f1b7716708d83412d9d9ce38e027e7de937f8e60762426d6322051ab09249fea,2023-11-13 02:00:00
13,13,Kathleenp.13@example.com,af942795100a5d3f4dd5ac9a336c2d30a6e36533f8ea8b13d9e6c5add7686a9b,2023-12-02 02:00:00
14,14,Helens.14@example.com,8c5619c57366c39c8630820c0a86c85b819d10ce80164ec3a077858fde640915,2023-11-19 02:00:00
15,15,Teresao.15@example.com,f15f2d33c6184ea8de5d3337b3a277e9b99b6f8d1161bc4e94c79c88a56e5fe9,2023-11-18 02:00:00
16,16,Helend.16@example.com,578e5945e1b913f18e3be9fc90d3ed975c949f5d009f52dd7e702a6c6467d23e,2023-12-05 02:00:00
17,17,Mariec.17@example.com,e08da06acb0cadfd4c0565904d5264715926e925fda15a122b6f8bb7a14147bf,2023-11-15 02:00:00
18,18,Nicholaso.18@example.com,57017d2c388302b82345afbe499169db1cdb02380891bf2c4b625f90ca507e05,2023-12-05 02:00:00
19,19,Scottf.19@example.com,8b458993a7e48224cdcd70e4103facd0e6cde51a748958711eaa063600baeb91,2023-11-29 02:00:00
20,20,Barbarah.20@example.com,5d4fc516f3fdfc11cf052fb02027f458ca5f12bac59908fa55df6ffbda57006e,2023-12-01 02:00:00
21,21,Elizabetht.21@example.com,dd9b2e697b90a5fae317d976ceb97a108036f8a4fedd2564c22fbff6eebcd4a5,2023-11-17 02:00:00
22,22,Paulr.22@example.com,13387c9fbaee32344f1c1fd4064bca3874e7e38ad2c931763dc9bdb608117431,2023-11-29 02:00:00
23,23,Johnnyt.23@example.com,841ea61d604a0ae2316cb59b5617b3bdab0ba051d2256b273501687ee946ec19,2023-11-14 02:00:00
24,24,Helenk.24@example.com,06d500396935be4fe9fb25f442d840d640c43dcd158223c6ed7f0140c9896575,2023-11-16 02:00:00
25,25,Jenniferl.25@example.com,6d50651b5d0d1b54116448518d267f6b3c61207c6f56057811d36bf532d64e1d,2023-11-13 02:00:00
26,26,Glorial.26@example.com,a7fa1969557f350e0bfe793b8e7908c75804cb81c8760b228921a03cea8d402f,2023-12-05 02:00:00
27,27,Marym.27@example.com,f33c60291685e909694138bb265e42cdb315569dcd822bb885019c6e8573f412,2023-11-16 02:00:00
28,28,Nicoleo.28@example.com,8ca0590856fc1b0c056e3f452e5d1e5b718a4c354eaa8e8183344764dc45f91a,2023-11-14 02:00:00
29,29,Nicolee.29@example.com,dfc76a05a9acc3fc79841b7d61a7137a13a94175893a748fb1ee473bf2ef3555,2023-11-25 02:00:00
30,30,Scotts.30@example.com,56fb426e758517ee7ba7fe02aef9ca755bb0f94151540d7ab1c9f6be41fc7766,2023-12-02 02:00:00
31,31,Janep.31@example.com,cea3633e4cac34af0cfe6eb02058ce9d5815a7961e19e259417a3aa59aff6d1c,2023-11-15 02:00:00
32,32,Dianaa.32@example.com,420fcc18153d76940def48b3a3be2b94fe907f15de8c10f91f960e2b3a77a616,2023-12-05 02:00:00
33,33,Steveo.33@example.com,525b93d8a21c49a9c6b6f3d9b416b169a5a5f5df8a4c0b3430dd833e6401f7ec,2023-11-20 02:00:00
34,34,Amyw.34@example.com,909e168badb67d8dfd2bf94230a86e66d585814809539e457235a265d31edefb,2023-11-16 02:00:00
35,35,Shawnn.35@example.com,4ee175889f51cd72e1db2b0e3693ea071366011012c6381b7bda93f074c0fdf9,2023-11-24 02:00:00
36,36,Louiser.36@example.com,5086eda1b28fd1c8bb1615733fc764525935d2f28ba3eecf6afba7393f6e78e6,2023-11-21 02:00:00
37,37,Scottk.37@example.com,111445b40e5bdcf2233afc05c8277a6c099c31a4ecb2ba3c56c5eb17bc193e92,2023-11-13 02:00:00
38,38,Janetl.38@example.com,3942d16d4516dfde90169d50498354e4851e8325ab6144a5f4077cdec8bb8a50,2023-11-17 02:00:00
39,39,Davidp.39@example.com,cf824538bd16002e7711a8289f50ef0b0e5d6baca0c26c075badef94a86b8f50,2023-11-16 02:00:00
40,40,Brendas.40@example.com,48fb7e53bae5b4aec3825c6c7559b7f0ce6e070d976023fd7d8bb8def2bb3a60,2023-11-25 02:00:00
41,41,Lisat.41@example.com,7dfa246be042719fbefc780c2b6b5915067c7f0ee5d96b1ec5d2041193fc2f48,2023-11-19 02:00:00
42,42,Timothyc.42@example.com,4491bd1e37224cf90b1e5f1910f4d7b7c4e31791e8083c7807669054eda7d62d,2023-11-18 02:00:00
43,43,Jeanb.43@example.com,5863606cb99678872a13663afaa15d81d4ae3171040025cab11a2e8c24c3c915,2023-12-05 02:00:00
44,44,Michaelj.44@example.com,7d12350013e7b939daca59c998d9eec3e4dc2d299440f62af282935011c0718d,2023-11-24 02:00:00
45,45,Stevek.45@example.com,b6a60090dc3f39653680e8fc6fa478a8811005c32931f62dfbbe4b12eb8802c2,2023-11-17 02:00:00
46,46,Kathleenm.46@example.com,26a4f51e67729717febe8e256c832ce492a51f478a91b9ce8a7d3638cc9302d5,2023-12-05 02:00:00
47,47,Jacqueliner.47@example.com,b84c3284e9dfb2dff25fc15a7a70cf70824640d91b9dd0e6b6ba6c97b7a2d90f,2023-12-06 02:00:00
48,48,Edwardo.48@example.com,fdfefea2ee7ea06e4606805253e32b7de1e53d03fc2f9b7d0fb28770ecfdbba3,2023-11-22 02:00:00
49,49,Janea.49@example.com,d478cb48850795c18eaf301d3e48a26a476c1d18df051a776497defc67f84995,2023-11-15 02:00:00
50,50,Gregoryc.50@example.com,1938c1f91150faa6b2e7cc260916c5b77e03b2834f2efc4246d8554ee0b258bc,2023-11-28 02:00:00
51,51,Paulk.51@example.com,570ed21e45988edb55bace63fb2d7edee238d6b56b5f1c22161ba930f2ae0fc5,2023-12-06 02:00:00
52,52,Margaretr.52@example.com,62e3a532d248f934af9dc7701cf14d7c94ad53a93af58fe055798395e29ceeab,2023-11-24 02:00:00
53,53,Joshuah.53@example.com,f70fecadf40e9d9bd16c89057205bd5111de8862ab31564a1ac47c177aa9752d,2023-11-14 02:00:00
54,54,Martins.54@example.com,cfc58dc37d9041807cb3f0a5c1cefa0b375b9bcd4d7e89e6656c04f1c023655c,2023-11-19 02:00:00
55,55,Mildredj.55@example.com,d3bb72efad43a5f7e303cc94d8bfce009003c6a98abd7dc8d90377986e8a5e0f,2023-12-03 02:00:00
56,56,Jimmyg.56@example.com,51ff811385a53b8e1bb715d93d0619d477c9ba978fd23cd8a4e541c9aa883410,2023-12-05 02:00:00
57,57,Brendaj.57@example.com,0b79365a6fedb22c8ab59c5f6b2f41fb65795f8306c8504c16db1b07dafffeb9,2023-12-02 02:00:00
58,58,Jeana.58@example.com,d05bac442897044da848a0e6eee0085c090368e0c0dc3714ddfb41d7aa35b19e,2023-12-10 02:00:00
59,59,Roser.59@example.com,092c3e81e14db58db7955523181bc19739252285ad97053a84777fa87313dc29,2023-11-30 02:00:00
60,60,Maryp.60@example.com,2c656761c48f5998e2f874a913e6e284a30daa5339dabc8b1a1f91a9fce33528,2023-12-06 02:00:00
61,61,Martink.61@example.com,11d7b93d28a8c4818fcd01f5b3737aa44576b39692fbac5afa2a7c3ecc17bb87,2023-11-25 02:00:00
62,62,Jackp.62@example.com,ab18821e8f435c6f7a0eb6cb5280ee567cfeced05b129474823a56e2cf4d96cf,2023-12-06 02:00:00
63,63,Rosew.63@example.com,7cb93e6aba48d7dd92a91eaac98c81b28d5e1ccb82eb7fe16ba90e024abdfd2e,2023-11-24 02:00:00
64,64,Virginiam.64@example.com,1350a6437f91843ab6770d701f14e62ded660752a5db7c0cd383db8c2d6fbd3e,2023-12-06 02:00:00
65,65,Williee.65@example.com,8f7482c98ed8917291e192308d4a44f7f8f57d1b86e4de3935921ca216562842,2023-11-20 02:00:00
66,66,Gregoryk.66@example.com,324819ed55bae4e224f86505c8c4462234f0b442d013ed7140d26747e0345882,2023-11-30 02:00:00
67,67,Laurak.67@example.com,d07eb94a6af4042f6282f34b46803a0e337ec5bacd4542f1d18abf07fd7f630a,2023-12-06 02:00:00
68,68,Maryj.68@example.com,278988cf2f4a35ee53ffc46bd9b62bf47b93e0bab44c518bd9f45352a2ad5c68,2023-12-06 02:00:00
69,69,Jeana.69@example.com,eb4bfd09f357e072f416eb1a6ae3cae69bbfca90d6002e6ec022a91a5d1da97a,2023-11-17 02:00:00
70,70,Martind.70@example.com,a883b661e1e807361ccf795b224a27b33984a13ef5de8fe94f664bb2eaaf388d,2023-11-12 02:00:00
71,71,Haroldn.71@example.com,517f64729a22587bbee3af75b0119bb22b7d6e60ebb550e66fd9efc663099f8f,2023-11-24 02:00:00
72,72,Helenl.72@example.com,0b70f80903deba5a2a544a52ee75bf87166612c915319000a20db42a2b4c3ecf,2023-11-23 02:00:00
73,73,Normad.73@example.com,6798663615078fff74592172671e676caf73f616e5a6414d7034fe88d6084def,2023-11-24 02:00:00
74,74,Mariam.74@example.com,1126c8ba5b0275de9aeace2226149f758ee07a880e8cbef8ee0dc4220e55c784,2023-12-06 02:00:00
75,75,Martinh.75@example.com,4051a03f81490d8c45edda2e03b1d8a4a8c69f86ba5e84def232b9e2e8031399,2023-11-15 02:00:00
76,76,Adamj.76@example.com,2bbcd6f346c553fdff8b95f8819d5dc04e72602a9738a6b3b735a02abb4e691f,2023-11-15 02:00:00
77,77,Shirleyc.77@example.com,7568891fe5fdc3d92081a6f20538adaab3eb1835b7292d57f784afa2ea86cc39,2023-12-02 02:00:00
78,78,Harryb.78@example.com,fb47b400445a15eb53192df9f3ed6ef0de37a19b75ac768664668ec4963efae8,2023-11-23 02:00:00
79,79,Virginiad.79@example.com,a7889eabd9842c87713bdaf109e87061ab0a959be44c689c2f33aff0fd02765b,2023-12-05 02:00:00
80,80,Benjaminl.80@example.com,a339c6a6631c6e1fd567226dc1c8a69fc01314078b01528164b8cfdf782dfa98,2023-11-30 02:00:00
81,81,Henryg.81@example.com,27edca79e53b5f18345b934b20fda974a31c694de7b529c922f4a5bf692a7669,2023-12-03 02:00:00
82,82,Margaretl.82@example.com,7461938c14966b9041ae86761a41100533837c017c6623d2aaf3e2c0f4224ee6,2023-12-07 02:00:00
83,83,Lilliang.83@example.com,2587759a8c2b44baf3e491c23cf38b79dc3c1d585a2932714bbbf1466e324007,2023-12-05 02:00:00
84,84,Christinab.84@example.com,fabc5f0289b6e19d5875e8385774bf1cf3a4cb6662e9982e1eeb02f5ba9cfc83,2023-11-22 02:00:00
85,85,Anned.85@example.com,2923060022c3d01be728619f9047a005b45a66aa76e0be881ae56ce985791c33,2023-11-17 02:00:00
86,86,Teresat.86@example.com,44f263ad819a78dbec817baf93823273ee59996cccd79586e0eae0653ddcd186,2023-11-30 02:00:00
87,87,Teresak.87@example.com,9f0d2cfa14082327f769991b0a8e95d50c32dc1785f1038349d9c04c7db9653a,2023-11-16 02:00:00
88,88,Sarahr.88@example.com,effb96a900e16ee8175b4819d86d7cea2d634306c4dd92c6899daca448631b38,2023-12-07 02:00:00
89,89,Virginiao.89@example.com,afca80b935dca743bf5f388f3ed5d5837a8016938eee5ba037574b3b9a9a7edf,2023-11-26 02:00:00
90,90,Billya.90@example.com,cd73959c1d3c71c65484945440173e0d16e94a22bfb104ad7e64a687df951d52,2023-12-07 02:00:00
91,91,Billyl.91@example.com,5934b3cec71a53fe994e26570aad428cdebc3bb27bcb2259a2c80445ccc10166,2023-12-07 02:00:00
92,92,Annag.92@example.com,8f0bfbd5a4d1c9be1faef9e36710b94e31d4e21ed302469565490f323e1c4477,2023-12-06 02:00:00
93,93,Arthurd.93@example.com,a90dcdc1110ef1dd45bd40c3121ad5e8aa4e99799e63f94e702a4f5732efceb1,2023-11-29 02:00:00
94,94,Jimmya.94@example.com,3f90c30c8dba10ff21d8e815bb6b80a0a7f3f098cf7021cf92f52164ce9365c3,2023-11-25 02:00:00
95,95,Timothyl.95@example.com,361d9832d039b6fccd1a3beecdbd538851dcf1c3b61b5758afa23eb6210ff79c,2023-12-06 02:00:00
96,96,Alanl.96@example.com,d793facc0e03da2084f8e9ccb613f107c9eb9d0e0c9f380c2e5616b836652af6,2023-12-02 02:00:00
97,97,Judyo.97@example.com,7f1035bb519cde26e98b7e5d37545041147ffc5dd5e261f450d783fa9d3a5895,2023-12-03 02:00:00
98,98,Kathleenp.98@example.com,e3c85d1f3ff0cd5a60b3bddf03e6b056f5614be97559b355f989866228cce502,2023-11-25 02:00:00
99,99,Arthurj.99@example.com,9f58bb7102dd510ad7670b6886da8999d4bcc9ba24ff4379621b9d770a38dac3,2023-11-21 02:00:00
100,100,Kathleend.100@example.com,1b32e7e7287dfd6d6337c3d4410f42ad7b220743ad95f7130a9d184c3341214d,2023-11-22 02:00:00
101,101,Teresak.101@example.com,719a4e5f3a68c292e70441205f1f2b9b814f934fb89ba9bd3ef9aeb4193fa76f,2023-12-06 02:00:00
102,102,Francesd.102@example.com,74a4c8b484e219026958902e9997272c026b5c7f265f332ab40abbffeefccabb,2023-11-23 02:00:00
103,103,Helene.103@example.com,5547ee5360e28460028062c34768731e7fbc1abbddfecfea184891af146f891e,2023-12-06 02:00:00
104,104,Kimberlyk.104@example.com,6956cd6bd8a645d4ce89c8f0846b2f9946491b558b4b32b3b2f4ce4130ef1a7a,2023-12-07 02:00:00
105,105,Phillipl.105@example.com,725b94479aaf3d58af53d4bf001e53d4e980ea135fad64590f007e22c696e13b,2023-12-08 02:00:00
106,106,Normag.106@example.com,a260b78f94e10e418b216358b91f0ee09620f8eecabc5c7769a43dfbe4d1ed2a,2023-11-22 02:00:00
107,107,Jessem.107@example.com,c12c38d12108cd120823e62967d8b745ab04e4b07d7ac10202ca35e5b5b66da3,2023-11-19 02:00:00
108,108,Sarahn.108@example.com,3a2b98ee3ec9e20ff7ccf51f58b469774250b3b424dedd6fe2700c07f3f27232,2023-11-22 02:00:00
109,109,Kellyl.109@example.com,a5dc4b868fde7d87173bf74c81ba35d63348a106bfee7da09cf52015be223ef1,2023-12-08 02:00:00
110,110,Virginiaw.110@example.com,65fddee8f3e3b6080addc39c011e9fa22065e998da705eab5a61095704f4b00c,2023-11-12 02:00:00
111,111,Geraldc.111@example.com,3691873be155ee7da9e9587e36e81279079cadf6ec477ad656fe383e2c46156a,2023-12-08 02:00:00
112,112,Annea.112@example.com,215b478b48932a4be993c90b334a6eac3f56646120157201f1ab6ccb2c4b0353,2023-11-18 02:00:00
113,113,Barbarar.113@example.com,87024d5e632af6957202d4b819c1f7c32b3ca2f3db40481ec660ce2cf91e0682,2023-11-18 02:00:00
114,114,Howardm.114@example.com,4f1871401a071e4d23a285db970ecf6a04a8dc22156ccbb9d9d9eb0898160566,2023-11-25 02:00:00
115,115,Judyb.115@example.com,436630764891110ec39d82d6fe26b1de1e6e788fac4ed8467f97a8bb93480be0,2023-11-29 02:00:00
116,116,Paule.116@example.com,f0df4097debf4b8ccf6e6043ccc722b94e725773d6159ca12731f2105d9b85f9,2023-11-29 02:00:00
117,117,Haroldo.117@example.com,0f8570efc3900085fa24ce4d165ad2e548ca314b3b1286740f3391ba7206718d,2023-11-16 02:00:00
118,118,Arthurf.118@example.com,58eb4d113804d2188e0a12e2c83bc5066b654feb8b303f6aa2d62faeb6fb416d,2023-11-26 02:00:00
119,119,Shawnh.119@example.com,4117532199ec0a9624e85e4e31567ca718a32541c71c96129c355f8a62a51964,2023-12-03 02:00:00
120,120,,4962a3fa0e407ab0bb61c708076fa4f9ce0af0717659078e9edd71aa119a21b0,2023-12-08 02:00:00
121,121,Shirleyw.121@example.com,b595ce70969666d4efd481059edd733b02c453b349d327a78de686963407aae7,2023-11-14 02:00:00
122,122,Toddj.122@example.com,bd482ec74c620bd55f488bb243c90c853f2cd8eb87653578207eb48d8c4d8395,2023-11-25 02:00:00
123,123,Stevej.123@example.com,65570a7718e6f84526ad485c994e439792bca6ef823bc58d755f6332d3c25b00,2023-12-08 02:00:00
124,124,Williek.124@example.com,0e5835c40740f338886602844d87045b1ba8ea1208e2a745baaaa1116c4d2025,2023-11-14 02:00:00
125,125,Arthurw.125@example.com,f2e5960e7895e9ed3c97b377cff9bfcc8eda501e999dfe11072b938d9b531766,2023-11-29 02:00:00
126,126,Jacquelineg.126@example.com,c6c234788492c2f0421513fa6d4bdeaceca1ac1c62b4beaecb499aaba6b10d44,2023-12-08 02:00:00
127,127,Jeann.127@example.com,f5a3eb68dbc98716f31fe0b55fee2148cb18059f7cabb82024ba017efe9a579d,2023-11-15 02:00:00
128,128,Kathleenm.128@example.com,a5f4bd42e8b1fe18d954d10c8c557d05e3190bd5496b2f87af5e6c8dfa8f4070,2023-11-20 02:00:00
129,129,Mildredl.129@example.com,9b0d1d90dfaf92476d02850544c0489bb7e0dfc1c84481c2642e4a06d3b135a1,2023-12-03 02:00:00
130,130,Lillianc.130@example.com,3ed172c93709bfb29ad48e4af33c840b92b7aac2eead1bc418b51c6af808a7c3,2023-11-12 02:00:00
131,131,Dennisp.131@example.com,23b856fe450f92c1eb12f103b00cbf6501087c2b8d692385441d5169a3e015a8,2023-12-02 02:00:00
132,132,Haroldl.132@example.com,2f1b1f0a4178ad0895100a265dd4c73e3a439997301261211e6faf00a445958b,2023-11-28 02:00:00
133,133,Shirleyh.133@example.com,04609d8837250d592ccfed97441b259ae20e888380ba560d06937312a3725325,2023-11-21 02:00:00
134,134,Barbarah.134@example.com,05c614101a66b038b7304a1364320b47202f8f75c53d01d096ce6b8bcf6c3757,2023-12-05 02:00:00
135,135,Andreap.135@example.com,628f9d23417ae565cd160e84312be7be893fc7744ef826d5f3d450b9c7534c6f,2023-11-12 02:00:00
136,136,Joshuao.136@example.com,0101e53bb65df55bfa9445d1a4bb4dfce6a64e93b19799f29c02a9863c04d95c,2023-12-05 02:00:00
137,137,Dennisr.137@example.com,13c692b6cf0e243c944c9bdf4481a776aa8cf9378b0927bcc71afbbdecb1d3d8,2023-11-27 02:00:00
138,138,,6284a455e940721fd67374f1e674d9ba59cdb5f3c8de7d7cb0ad5461e253eaa9,2023-11-27 02:00:00
139,139,Amyb.139@example.com,16a02781c780f6127fe63a87f13f9dee52bb5712603d73dda13e9ef6c5f6f93a,2023-11-29 02:00:00
140,140,Steved.140@example.com,dd451e72bba4248ae02f0e5a2a7dc14e0ca57d555340f1bc4ee91e5c201adfe3,2023-11-25 02:00:00
141,141,Phillipj.141@example.com,d6d3de72885718048e9f06c7e63afe943e8c2c6e7e0c0ba8c024df6943009b50,2023-12-08 02:00:00
142,142,Adamd.142@example.com,ad49446e086f7e521bb37a34ccff020fcad692a132b98fb8a4acffa5300b2b88,2023-11-28 02:00:00
143,143,Toddc.143@example.com,1b269f1268c17f3f2173f1bdd69dc3387bbe77f7c06f610b34415e14db0cd828,2023-11-22 02:00:00
144,144,Teresag.144@example.com,46d1eacd559cbd006d0856bfa4b3467591c9b7033e912d2f2f0c1383eca4dcd6,2023-11-22 02:00:00
145,145,Brendad.145@example.com,f8cce22b2b2537eb89a88246d52071be31f62f1b991e5c0b2668675c25000675,2023-11-22 02:00:00
146,146,Harryk.146@example.com,13e7e2ca959c3006fa3ec7e01bd70cd5f955443c049d5453f056425efb0f3cad,2023-11-13 02:00:00
147,147,Lauraf.147@example.com,b6d8f8631698b30f50008d9e3efd3dd920dfa2a5d81b95e28664684e2c1c094c,2023-11-17 02:00:00
148,148,Anner.148@example.com,5ee9dcec667498c91e001cb876631e2639ff0542cb3b93ee81467a5705ed9e42,2023-12-02 02:00:00
149,149,Annas.149@example.com,2028f187629aca1cdb77e817e55f1c4f26445bc6d9db8606df7417d9bb434f6d,2023-11-15 02:00:00
150,150,Andreae.150@example.com,a3a43dbf7e8e17cc837052eb841ff0536cfb1255b318d59bad9cdbeee6347914,2023-11-19 02:00:00
151,151,Lillianc.151@example.com,5b0014e1a97bd1c9082402763c4d8aa06bd4a916623ef673109fe6651055ae38,2023-11-15 02:00:00
152,152,Francesf.152@example.com,640821299a8282a7bd9c835f06ba90067242c7349a2abb01845e1934ee3dd423,2023-12-09 02:00:00
153,153,Theresak.153@example.com,c7d90a400dfbddf5491a1439073f20cb0f27700ed78f9623f6f1f66baf673ae3,2023-11-20 02:00:00
154,154,Fredf.154@example.com,91d746b7b780d4a84332cf71b10d62de4ec3940f8549f38140d10f4dd6d9e035,2023-11-13 02:00:00
155,155,Williee.155@example.com,5e735e83e8f95b75a6ea804a8e73cf58058bc289430c692766a1ac43ce2108c6,2023-12-01 02:00:00
156,156,Kellyb.156@example.com,734045caa4ff8fc1b41a22da2ae88445e4f19291d58164c54cce872d1ccf7bac,2023-11-25 02:00:00
157,157,Mildredp.157@example.com,149fa96ee17f719be08696a5b869ff31970c64a63701278e8aaea7cc8b0df4c0,2023-12-07 02:00:00
158,158,Scotts.158@example.com,0ea1975b3cd80767ef0496689d6b86988b477fff96a0aeed2b479b298d03584c,2023-12-08 02:00:00
159,159,Janed.159@example.com,19fedc3e18760e0a6d7beb1e52bb325a952aa9d9733bebb876ee03a9c715901f,2023-12-04 02:00:00
160,160,Marien.160@example.com,3f1e0248e9726ee0cb2dd83181582407daad7e30394b038fdba77db40b8065df,2023-12-07 02:00:00
161,161,Virginiaj.161@example.com,09821ca2ab1d3199c09b9aaee2b346bca6f3b595cf4c12f2aabb9d09ff0ee0ce,2023-11-24 02:00:00
162,162,Andreaa.162@example.com,fd6f4011f8ff50134c13462fa4dbe75fa3401babb073005ca18eb575b34bcb8c,2023-11-17 02:00:00
163,163,Victoro.163@example.com,0c2b02b8a19379ee5a2a5e274d2366aa3cf289badfc8e3a2490ca391edfee600,2023-12-09 02:00:00
164,164,Kimberlyt.164@example.com,a1187c19749aff84f7c48d32ae1ec9dc39299601b26a0959b8786af891f42133,2023-12-02 02:00:00
165,165,Mariap.165@example.com,709d1fc89d6fe40cba7459728a532efdadef68ccff371198ab3d3b729af89d3f,2023-12-06 02:00:00
166,166,Katherinem.166@example.com,08a5dc5ac80355b1a862a6584241566c7c7a605cab4d48ba3afeeb2016d999c1,2023-11-18 02:00:00
167,167,Roser.167@example.com,6465dfb3dd82a13372bee8ee28390f4ea535b48c67790fb300d844e8790a8282,2023-11-24 02:00:00
168,168,Joshuah.168@example.com,0241e996d7206dd2c02109ac23874c3893868c017e77b227b098791f2a4a6d67,2023-11-21 02:00:00
169,169,Amyt.169@example.com,401d14e83ab6816eed911c60b87ee54aeba4b8d95c2bac4b5488b822ea5f9bd5,2023-12-02 02:00:00
170,170,Thomasm.170@example.com,4ac2e3cbc6879b03bee3a546959e8bf67e748fbc3f8cba5b273866870ced0e76,2023-11-21 02:00:00
171,171,Judym.171@example.com,99761f8f4dad4d355f6713cf8d31fbfd4f9b834e14b8603237273f5f39f378e2,2023-11-28 02:00:00
172,172,Christinad.172@example.com,e66b71208b08c61ef22f31b2154780b405b32215dafafc41381966fba8dbd7dd,2023-11-24 02:00:00
173,173,Johnnys.173@example.com,edd014668a6657142eb1e48a0abf2df2a90d87b6fa6dcb84059b499b6f458f3e,2023-11-24 02:00:00
174,174,Willien.174@example.com,72925950017d66da3a38f7f041b4fd0d322ce79bc1370e9cf189c74833b8f058,2023-11-20 02:00:00
175,175,Saraa.175@example.com,32794ab98eb75a6f79499efe9e143e3976b4fe74923df1810090da2eaf6b13f9,2023-12-03 02:00:00
176,176,Theresae.176@example.com,9582ad74a90f8dac9affd9cbe2ebac33c8623f46180737d5b1f9df0de4cd8aaa,2023-11-12 02:00:00
177,177,Brendab.177@example.com,4df2c2c51a9fcc3313f74a47a832f0ad946e9f5c28b6b350bbafd2e4046c7736,2023-12-05 02:00:00
178,178,Jeanw.178@example.com,fc216e33b4f539c79c1b760a894e20559c4e83a030fc9d310677343acfeddce0,2023-11-24 02:00:00
179,179,Martind.179@example.com,7a29db4a106dbfd493ba24decaf105565d4852ddf2df8f63532c23bf9705446d,2023-11-20 02:00:00
180,180,Judyh.180@example.com,e5307dff451bca1645339da32bc9f7913dd9c51c8c69bd2391932d4a7dbf46b5,2023-12-10 02:00:00
181,181,Elizabethm.181@example.com,9aa4354e0493923bc3e4f58286bf74c651b96b887c7053c5afef0bcb9be93504,2023-11-27 02:00:00
182,182,Amandac.182@example.com,294faa5cf70c01b7e99c60952b77be947c3f4253af20f9e8a545aae88f530f65,2023-12-02 02:00:00
183,183,Jeanw.183@example.com,3074f6b9dc16206fbbf9d55692098b74655b23b1618faf268d37b4246f66e3de,2023-11-13 02:00:00
184,184,Michaeln.184@example.com,2bbd1aad95cf2c2a4b3417083c8d74365263ca41722bd4031f5bc2e29d73b203,2023-11-29 02:00:00
185,185,Lisaf.185@example.com,5bbfd40e07984447b99ccffa77b8b12ec9f7797f73b86ca7948b40dcfccd8ce9,2023-11-23 02:00:00
186,186,Frankw.186@example.com,d4246b9939b5b747f700e876afd53e4bcd239c6f1660bc120875d8ce19474602,2023-11-13 02:00:00
187,187,Joshuab.187@example.com,96d67ce6ffbd497825a02fd143c5da90e52e8ca1a4365798d72664ee2f14a4fb,2023-11-25 02:00:00
188,188,Teresap.188@example.com,2f1ccf2391372a8702fe50a96e8151531b2758268c242330a4ef1af56edf5d6b,2023-11-18 02:00:00
189,189,Lisag.189@example.com,c5dff665f21cd572489c09e5e9f36520b056fbee16ca9096650ddfb5d3d3235c,2023-12-02 02:00:00
190,190,Pauln.190@example.com,2d179768a1d3d67ffc55932e55c9d6d4e1610cbedf4781bd66a1c445cd86e2a6,2023-11-19 02:00:00
191,191,Janer.191@example.com,06c72475d6d988f9e410165543b3d5dcb474b0d2831acece083ec909affe2476,2023-12-01 02:00:00
192,192,Frankn.192@example.com,b75ea4a5424388413ea11d78c8a2d1f4fe79825b875f206b0de937caa30104cd,2023-11-26 02:00:00
193,193,Henryl.193@example.com,25f2116f8bd4e46e0706a34c187277f60b16bc48998f42cb5ca14c1275947c1b,2023-11-27 02:00:00
194,194,Alanw.194@example.com,51de03e5706c9db90e0dac89c54a7707e64da122a7355a92f2034cf0dda74fb5,2023-11-16 02:00:00
195,195,Lisab.195@example.com,97aebde0b48c6de558bdd2f17734f69b561678952377a0245978f1335c22a077,2023-11-27 02:00:00
196,196,Laurab.196@example.com,ff7d0e8a31b411db2867eb42787a7da1cf5f495267bc05bb533825862217dc97,2023-12-02 02:00:00
197,197,Judyl.197@example.com,110836808531296ff41f1099823f65328727a0459bc2db56fd189de8088bf647,2023-11-18 02:00:00
198,198,Andreah.198@example.com,b5cc08b557be08f27156b476aa331291dfd2b92efaf23ffa879bfd86c958dd4b,2023-11-17 02:00:00
199,199,Harryr.199@example.com,52dedb00715cdf7b73f5876663d56bc78c4dac6d7da1362db86e6defccca6834,2023-11-26 02:00:00
200,200,Davidg.200@example.com,ef1e37993eb5938f87f0ff5dce512a7d7449d37cf71a63de3bd2285e170a040a,2023-11-18 02:00:00
201,201,Kimberlys.201@example.com,0a35a23dee47b6ce181c0da5c9e2ebcf85b790a5b470235f4d9b3a6a904df270,2023-11-19 02:00:00
202,202,Kathrynf.202@example.com,351d333c5a02e89ddd15a5bec8213cba37cfd1737f680f29ee53a0f2324949a1,2023-12-09 02:00:00
203,203,Virginian.203@example.com,a273f99f8deca1f309a064c323f701deeeca79edbeb70e3697466bcf4ba04371,2023-12-02 02:00:00
204,204,Kimberlyj.204@example.com,a3b9b9b0094dbc84bf8733efb29b2987edfa6c2b5fe2a603d244bf4061a2d81e,2023-11-21 02:00:00
205,205,Nicoleh.205@example.com,952a58e1587ef886b9eabc338e11dc5b387b28fc435a4116e664bbf2901e4d2c,2023-11-18 02:00:00
206,206,Marieh.206@example.com,47974b77036b260df849a1904101b95ba0fc2a07bc7604f48bcbf76b81b93d18,2023-12-07 02:00:00
207,207,Annak.207@example.com,642c622e7f6654cecfa134aadec83d90e6ab188fc2c837ff51028ebc615eddee,2023-11-24 02:00:00
208,208,Barbaran.208@example.com,3e49ea37a4f2d652cf9d85dc2f227e9dad68387f082096a477f3b423b8cb4053,2023-12-09 02:00:00
209,209,Sarahk.209@example.com,676dbb5f4af350900ba630bf2fede9c0a87ff8a24a27dc2942ecc8306815b17f,2023-11-29 02:00:00
210,210,Timothyg.210@example.com,ce3b0d9a09ed6234507137c088d0d9d8393cc3134d6ba745611ba0bacc0da5ce,2023-12-06 02:00:00
211,211,Lilliank.211@example.com,f94b1fac445afdf89edf8304da23cf087ec8d653989dae553fb001d005649190,2023-11-17 02:00:00
212,212,Nicoleh.212@example.com,1b4569f15ef4a47342cfe736d9e3cf02179743a17cebf25125be00cdd18207af,2023-11-19 02:00:00
213,213,Shirleyj.213@example.com,5431381248b9f860ba7e1312fee70dcad34f5ec24018c49c09808531b7aa91ea,2023-11-18 02:00:00
214,214,Kathryno.214@example.com,855d164049eadf14adab523d2fb83ee530c3be3ce191d40ed9470350ca4cb128,2023-12-04 02:00:00
215,215,Shawnk.215@example.com,611a3d24c5405f6e961f3da87d9d2c6ad536c21d98b0a80e0ab808f270bf8606,2023-12-02 02:00:00
216,216,Denniss.216@example.com,34e995b139732b9748cec34493dc2dc6c5e08369ea45a5b8813b3e503707576b,2023-11-21 02:00:00
217,217,Aaronk.217@example.com,02a903e5fdebeccabba11d9decb7486e2976b4ddce26fb0445826eb8fcc0895a,2023-11-24 02:00:00
218,218,Kellye.218@example.com,fd6bd6d7bd99e0816964ae48f3aa693594f0b1ebab111917561427fb056c901c,2023-11-23 02:00:00
219,219,Phillipa.219@example.com,a965cf43c170d75bf85d0ee5f9eea892d783639d373511660a0c839631bab65e,2023-11-25 02:00:00
220,220,Seanc.220@example.com,3d8644f0bc46ff89b5085b0f33e774ebeeb59f4ca30ad669361110370c803115,2023-12-08 02:00:00
221,221,Davidl.221@example.com,446e81d6722634fcf3816565eb5221689c800717b3f3c154c705d6cc874767af,2023-11-22 02:00:00
222,222,Shirleya.222@example.com,12f4ca19312267e553b5d16376ea8b67ad2d8f71f82ed3b274f4aa36eabc1c11,2023-11-23 02:00:00
223,223,Helenf.223@example.com,fa367faa4f3412e37e61fa0da33c4c18a5063ecc789536cf661207d44054fe79,2023-11-20 02:00:00
224,224,Andreal.224@example.com,782820872b372ddb6703eb5320b135813e5fda590788119600efca56e73dc20c,2023-11-27 02:00:00
225,225,Janett.225@example.com,8fbd0500e60abe726e7f12c95522a50c9696fcea04c431a85d82273e2dc6f2d6,2023-11-20 02:00:00
226,226,Seanj.226@example.com,27489cd71e79bc9b276bc3dad20f9595344d6e6819639364c2e29b84ba23aad1,2023-11-13 02:00:00
227,227,Jeanp.227@example.com,f48d4c746da1bf568daa1b7d3d955957c74ca8b8f103effb1db2d6253bdda4cd,2023-11-24 02:00:00
228,228,Amya.228@example.com,80d4f744469394194b0ae66ba5330ef725180ea5e6035636b0f1786fdb698a9b,2023-12-02 02:00:00
229,229,Virginiaa.229@example.com,e32ea23d905e77b7825fa14efefae0e25d59c90a31f43a9bdff47c41695cdea7,2023-11-16 02:00:00
230,230,Christinac.230@example.com,df3a6e232ed0b37b63cd6d47dba27279d5421a8bd5606a9ec628ece4637de051,2023-11-30 02:00:00
231,231,Victorg.231@example.com,add03fd8620dcd67ab2e1359d36ddc635257d6ebc71bc25a7304b41630f6cd27,2023-11-28 02:00:00
232,232,Mildredk.232@example.com,017d16087826a46bac9dc02eac851d805daf53aeb21c462a1d6cb46bb7668e0b,2023-12-01 02:00:00
233,233,Janew.233@example.com,5c6ffe7807238408fd7d6e06c2854105ec0de5933492a55894e44d4baeff5b17,2023-12-05 02:00:00
234,234,Mildredt.234@example.com,0e0e0a6bf10765303dbf19fbaa237bb81f27089b9f14e1f48c0a97efbb0a00a4,2023-12-02 02:00:00
235,235,Jasonf.235@example.com,8047a9cb0f5c428168afb1c1f585c079d1562f45783b3212a96ff28204187bff,2023-11-13 02:00:00
236,236,Roset.236@example.com,7fc208b155d731722e59c6bb63d1ee78df05fdc3a4969626d0d9b5e7eb0ab180,2023-11-25 02:00:00
237,237,Amandaw.237@example.com,e5b5aa926de97d533156e255991c237abc02c8a4356c97bbe6be3e5672960b42,2023-12-02 02:00:00
238,238,Sarahk.238@example.com,5e1540e01f7bca6e487b46f9b3b4390880891299c91e5db35587f65044b2445b,2023-12-05 02:00:00
239,239,Haroldh.239@example.com,d08272eb77a7bf4178680df6674db815fe71dc538769b292311835cf3fc3ebf9,2023-12-04 02:00:00
240,240,Mildreda.240@example.com,2e49707ba9aa453d33dcd244e97e5c559e3fda966916b8447c038cff30989396,2023-11-30 02:00:00
241,241,Shirleys.241@example.com,8f514198205063de07595de69f3b7e850ea0410b86feb2b5dca70cb3b32b2d8b,2023-12-06 02:00:00
242,242,Laurac.242@example.com,d71f1b4501c9e8a63a18c736c0c2b3b937634d9c78dd0d06d4bc7e32e4a405f5,2023-12-01 02:00:00
243,243,Normah.243@example.com,1cb0682fd1fd713d8fcfca3c90dc6e188e8fadd71d4b4d85e44cf11983d9164a,2023-11-15 02:00:00
244,244,Shirleys.244@example.com,4e0cc4c1e749ca787eb3d6f0823a2fefc3f1999b7d9652736e8475ff26496c56,2023-11-28 02:00:00
245,245,Normae.245@example.com,f0cdfc8c96c82e2ff9011ffe2c4d1f8e7bf089ad200af358a796e4f02982b7bc,2023-12-03 02:00:00
246,246,Jesseg.246@example.com,460a5bef7530da00851b2f167f5e7eb69d64bcc7834117bd62d1b50ec3810c88,2023-11-19 02:00:00
247,247,Marye.247@example.com,3213d3c3e2fde48d6b8545f82a9b353f1056d67bd9f9e7e21824e6a92f548693,2023-12-06 02:00:00
248,248,Shirleym.248@example.com,491a279be2a3d4a323074f122f6f35eb2558b82ce6746758dcc439ffadd35db1,2023-11-20 02:00:00
249,249,Scotte.249@example.com,447c4fa425f039b226ba0ac541c8b812e3b0656abafbe829c05a880e5719ba04,2023-12-06 02:00:00
250,250,Katherinem.250@example.com,15f5a524277520a6b9b0d175e975045b309cfe8a0c3aab436281319b9a51fc4e,2023-11-26 02:00:00
251,251,Janee.251@example.com,cc66b849cd0a9c7179ccd6c37ae4c2c1de6a9539007d4014685dd03e3a76e8a9,2023-11-30 02:00:00
252,252,Davidk.252@example.com,57fdda561af390ce5cc7f5c4fe4611d755b73dc22242a9666f46cd64e90ea25d,2023-11-26 02:00:00
253,253,Virginian.253@example.com,a4ebac46f2c8e967d625336d3f7a3097d5c19b6bda744e6dd1fae36258cfcc1f,2023-11-14 02:00:00
254,254,Gloriac.254@example.com,f33cb39edcf1f6c8ca6c8fd4daebf11afe4faf1c933486dded2a7d8274d26670,2023-12-04 02:00:00
