id,first_name,last_name
1,Thomas,R.
2,Shawn,S.
3,Kelly,N.
4,Thomas,S.
5,Mildred,A.
6,Sean,O.
7,Shawn,G.
8,Gregory,P.
9,Margaret,A.
10,Willie,N.
11,Norma,E.
12,Scott,T.
13,Norma,T.
14,Helen,H.
15,Todd,T.
16,Frances,O.
17,Jane,S.
18,Judy,N.
19,Anne,E.
20,Paul,N.
21,Norma,K.
22,Elizabeth,J.
23,Harry,E.
24,Jean,T.
25,Johnny,O.
26,Anna,W.
27,Johnny,P.
28,Elizabeth,N.
29,Lillian,N.
30,Howard,H.
31,Fred,L.
32,Anne,F.
33,Mildred,D.
34,Norma,W.
35,Anna,M.
36,Norma,S.
37,Norma,C.
38,Victor,O.
39,Shirley,B.
40,Sarah,S.
41,Brenda,M.
42,Anna,E.
43,Jacqueline,O.
44,Laura,O.
45,Jason,F.
46,Nicole,P.
47,Fred,K.
48,Teresa,E.
49,Aaron,O.
50,Shawn,S.
51,Lisa,A.
52,Jane,R.
53,Diana,T.
54,Helen,B.
55,Judy,C.
56,Timothy,F.
57,Brenda,G.
58,Kathleen,H.
59,Phillip,W.
60,Todd,L.
61,Andrea,M.
62,Aaron,O.
63,Lillian,H.
64,Sean,H.
65,Kimberly,C.
66,Billy,P.
67,Christina,A.
68,Harold,S.
69,Thomas,S.
70,Elizabeth,E.
71,Katherine,C.
72,Teresa,F.
73,Todd,S.
74,Nicholas,F.
75,Katherine,T.
76,Howard,H.
77,Amy,W.
78,Amy,R.
79,Nicholas,F.
80,Maria,E.
81,Gloria,G.
82,Arthur,J.
83,Willie,P.
84,Michael,B.
85,Michael,L.
86,Scott,D.
87,Sean,T.
88,Victor,F.
89,Henry,L.
90,Martin,D.
91,Dennis,F.
92,Thomas,F.
93,Anna,T.
94,Arthur,W.
95,Arthur,H.
96,Helen,R.
97,Henry,J.
98,Jacqueline,W.
99,Jane,B.
100,Jennifer,A.
101,Lisa,L.
102,Jean,F.
103,Jane,S.
104,Andrea,S.
105,Jennifer,H.
106,Laura,B.
107,Jacqueline,S.
108,Steve,M.
109,Sarah,N.
110,Margaret,K.
111,Virginia,F.
112,Mildred,F.
113,Laura,B.
114,Harry,T.
115,Maria,O.
116,Virginia,J.
117,Mildred,W.
118,Thomas,E.
119,Louise,B.
120,Anna,O.
121,Willie,C.
122,Virginia,T.
123,Alan,L.
124,Laura,H.
125,Nicole,S.
126,Mildred,S.
127,Louise,H.
128,Gloria,A.
129,Harry,N.
130,Amy,G.
131,Sean,W.
132,Jacqueline,K.
133,Sara,S.
134,Shirley,R.
135,Jean,P.
136,Fred,R.
137,Jacqueline,O.
138,Edward,A.
139,Janet,P.
140,Theresa,F.
141,Jacqueline,O.
142,Gloria,M.
143,Kelly,S.
144,Louise,D.
145,Phillip,E.
146,Jack,H.
147,Kathleen,C.
148,Steve,C.
149,Dennis,O.
150,Norma,G.
151,Jacqueline,K.
152,Brenda,F.
153,Shawn,T.
154,Nicole,M.
155,Katherine,L.
156,Margaret,C.
157,Frances,W.
158,Mary,S.
159,Lisa,E.
160,Brenda,O.
161,Howard,M.
162,Jesse,T.
163,Joshua,O.
164,Howard,R.
165,Lillian,R.
166,Gregory,D.
167,Kimberly,S.
168,Paul,K.
169,Shirley,L.
170,Edward,B.
171,David,T.
172,Paul,N.
173,Christina,E.
174,Sean,P.
175,Theresa,J.
176,Mary,H.
177,Shawn,A.
178,Paul,T.
179,Anna,J.
180,Aaron,C.
181,Maria,C.
182,Dennis,H.
183,Jason,J.
184,Paul,W.
185,Frances,G.
186,Barbara,L.
187,Gloria,H.
188,Jennifer,R.
189,Thomas,O.
190,Virginia,K.
191,Nicholas,D.
192,Jack,E.
193,Frank,M.
194,Gloria,A.
195,Sean,W.
196,Howard,T.
197,Nicole,P.
198,Kathleen,N.
199,Kimberly,S.
200,Jean,A.
201,Katherine,D.
202,Rose,L.
203,Lillian,F.
204,Theresa,N.
205,Michael,J.
206,Norma,P.
207,Helen,G.
208,Phillip,E.
209,Kathryn,P.
210,Edward,L.
211,Adam,J.
212,Anna,P.
213,Martin,E.
214,Christina,K.
215,Sarah,W.
216,Mary,P.
217,Jason,K.
218,Sara,M.
219,Katherine,N.
220,Amanda,B.
221,Jesse,N.
222,Marie,N.
223,Mildred,B.
224,Lisa,K.
225,Timothy,C.
226,Sarah,N.
227,Jane,O.
228,Sara,S.
229,Gerald,G.
230,Gregory,K.
231,Kimberly,T.
232,Jimmy,H.
233,Theresa,S.
234,Shirley,R.
235,Lisa,C.
236,Gregory,W.
237,Lillian,R.
238,Sarah,E.
239,Jesse,F.
240,Dennis,L.
241,Gerald,S.
242,Willie,C.
243,Lillian,P.
244,Victor,K.
245,Gloria,F.
246,Dennis,R.
247,Teresa,J.
248,Sean,B.
249,Billy,N.
250,Alan,A.
251,Harold,G.
252,Edward,D.
253,Sara,L.
254,Sarah,B.
255,Harold,A.
256,Nicole,L.
257,Sara,A.
258,Henry,T.
259,Elizabeth,H.
260,Martin,D.
261,Gregory,G.
262,Nicholas,R.
263,Diana,T.
264,Benjamin,P.
265,Henry,E.
266,Virginia,K.
267,Amanda,P.
268,Marie,L.
269,Nicole,N.
270,Adam,N.
271,Anne,S.
272,Frances,G.
273,Michael,C.
274,Victor,N.
275,Steve,B.
276,Lillian,C.
277,David,S.
278,Timothy,A.
279,Marie,J.
280,Johnny,E.
281,Timothy,B.
282,Brenda,H.
283,Gregory,P.
284,Virginia,B.
285,Nicholas,L.
286,Jack,E.
287,Teresa,G.
288,Joshua,S.
289,Benjamin,D.
290,Jason,J.
291,Kelly,S.
292,Anna,J.
293,Christina,G.
294,Benjamin,M.
295,Kathleen,A.
296,Howard,T.
297,Jean,C.
298,Billy,B.
299,Jacqueline,H.
300,Henry,K.
301,Christina,K.
302,Jesse,H.
303,Jacqueline,T.
304,Shirley,R.
305,Christina,G.
306,Maria,G.
307,Alan,G.
308,Alan,F.
309,Janet,W.
310,Jack,F.
311,Howard,T.
312,Timothy,L.
313,Norma,S.
314,Kelly,T.
315,Elizabeth,D.
316,Johnny,K.
317,Gloria,K.
318,Joshua,L.
319,Mildred,M.
320,Rose,C.
321,Lisa,M.
322,Sara,G.
323,Jane,C.
324,Benjamin,E.
325,Amy,S.
326,Steve,G.
327,Jimmy,C.
328,Elizabeth,T.
329,Arthur,B.
330,Sarah,M.
331,Gloria,P.
332,Lisa,H.
333,Alan,T.
334,Barbara,K.
335,Jean,K.
336,Brenda,F.
337,Edward,N.
338,Edward,K.
339,Willie,O.
340,Harold,R.
341,Nicole,R.
342,Louise,R.
343,Maria,F.
344,Martin,C.
345,Nicole,S.
346,Amanda,L.
347,Thomas,M.
348,Victor,F.
349,Joshua,S.
350,Norma,M.
351,Jennifer,T.
352,Rose,P.
353,Jacqueline,S.
354,Nicholas,N.
355,Sara,B.
356,Jean,A.
357,Marie,T.
358,Jennifer,H.
359,Louise,C.
360,Teresa,P.
361,Helen,A.
362,Thomas,L.
363,Gloria,R.
364,Benjamin,E.
365,Fred,D.
366,Jacqueline,D.
367,Sarah,D.
368,Paul,R.
369,Jacqueline,O.
370,Martin,B.
371,Mary,B.
372,Harold,J.
373,Margaret,E.
374,Johnny,H.
375,Brenda,F.
376,Nicole,H.
377,Harry,D.
378,Martin,K.
379,Billy,K.
380,Joshua,J.
381,Phillip,E.
382,Brenda,E.
383,Gerald,F.
384,Joshua,M.
385,Elizabeth,D.
386,Maria,G.
387,Todd,H.
388,Gregory,F.
389,Jesse,E.
390,Howard,A.
391,Jacqueline,F.
392,Sara,N.
393,Laura,N.
394,Lillian,K.
395,Amy,B.
396,Todd,T.
397,Virginia,O.
398,Jimmy,M.
399,Rose,D.
400,Christina,L.
401,Nicholas,J.
402,Dennis,F.
403,Benjamin,F.
404,Anne,L.
405,Teresa,W.
406,Fred,W.
407,Johnny,B.
408,Sean,P.
409,Marie,A.
410,Helen,H.
411,Amy,M.
412,Mildred,P.
413,Amy,E.
414,Johnny,W.
415,Jimmy,K.
416,Sarah,S.
417,Thomas,K.
418,Jane,D.
419,Dennis,A.
420,Sarah,F.
421,Norma,E.
422,Katherine,K.
423,Mildred,G.
424,Howard,P.
425,Brenda,R.
426,Harry,B.
427,Janet,K.
428,Frank,A.
429,Harold,F.
430,Christina,N.
431,Dennis,J.
432,Kathryn,K.
433,Scott,P.
434,Steve,B.
435,Harry,W.
436,Johnny,E.
437,Sean,B.
438,Benjamin,H.
439,Mildred,E.
440,Kimberly,L.
441,Edward,A.
442,Paul,F.
443,Barbara,M.
444,Phillip,K.
445,Steve,H.
446,Christina,N.
447,Frances,O.
448,Steve,R.
449,Mary,W.
450,Joshua,W.
451,Sara,A.
452,Janet,A.
453,Edward,M.
454,Gregory,J.
455,Fred,E.
456,Frances,F.
457,Steve,O.
458,Brenda,H.
459,Barbara,H.
460,Joshua,W.
461,Jimmy,F.
462,Jean,T.
463,Todd,K.
464,Benjamin,F.
465,Judy,B.
466,Jesse,E.
467,Jack,S.
468,Anna,D.
469,Nicole,E.
470,Jane,C.
471,Sarah,O.
472,Joshua,W.
473,Rose,C.
474,Norma,J.
475,Jane,E.
476,Kimberly,H.
477,Barbara,P.
478,Steve,F.
479,Norma,F.
480,Shirley,P.
481,Helen,P.
482,Mary,S.
483,Willie,J.
484,Judy,K.
485,Mary,J.
486,Sara,B.
487,Christina,H.
488,Frank,O.
489,Harold,R.
490,Elizabeth,E.
491,Thomas,H.
492,Helen,J.
493,Dennis,C.
494,Timothy,T.
495,Barbara,C.
496,Amy,W.
497,Shawn,O.
498,Jean,M.
499,Laura,T.
500,Jane,W.
501,Amy,P.
502,Laura,F.
503,Steve,F.
504,Gregory,R.
505,Arthur,R.
506,Maria,H.
507,Nicholas,B.
508,Shawn,S.
509,Paul,K.
510,Joshua,D.
511,Dennis,B.
512,Kelly,J.
513,Timothy,G.
514,Virginia,T.
515,Mildred,G.
516,David,P.
517,Teresa,R.
518,Jesse,T.
519,Jimmy,N.
520,Phillip,W.
521,Kathleen,O.
522,Willie,B.
523,Paul,K.
524,Anne,S.
525,Michael,W.
526,Gerald,K.
527,Margaret,D.
528,Aaron,W.
529,Fred,N.
530,Billy,E.
531,Anna,H.
532,Jennifer,P.
533,Teresa,H.
534,Thomas,S.
535,Howard,W.
536,Christina,D.
537,Kathleen,C.
538,Sarah,P.
539,Willie,O.
540,Sarah,G.
541,Billy,N.
542,Michael,O.
543,Scott,O.
544,Arthur,M.
545,Jesse,J.
546,Teresa,G.
547,Nicole,W.
548,Kimberly,E.
549,Phillip,D.
550,Alan,D.
551,Sean,A.
552,Howard,L.
553,Willie,F.
554,Kathleen,L.
555,Kathleen,J.
556,Kelly,J.
557,Anne,F.
558,Janet,F.
559,Henry,G.
560,Willie,H.
561,Lillian,W.
562,Adam,G.
563,Gloria,J.
564,Gregory,H.
565,Johnny,E.
566,Mildred,R.
567,Amy,G.
568,Kimberly,A.
569,Kimberly,H.
570,Barbara,G.
571,Judy,L.
572,Henry,P.
573,Anna,N.
574,Katherine,G.
575,Sean,C.
576,Rose,A.
577,Dennis,R.
578,Jesse,F.
579,Victor,B.
580,Nicole,R.
581,Sarah,J.
582,Kathleen,S.
583,Sara,T.
584,Timothy,C.
585,Adam,T.
586,Andrea,F.
587,Lillian,G.
588,Thomas,E.
589,Helen,L.
590,Benjamin,G.
591,Maria,K.
592,Billy,O.
593,Kimberly,D.
594,Nicole,W.
595,Theresa,J.
596,Steve,C.
597,Kathleen,E.
598,David,F.
599,Michael,G.
600,Diana,T.
601,David,C.
602,Sarah,G.
603,Timothy,P.
604,Billy,C.
605,Jesse,H.
606,Jimmy,G.
607,Thomas,K.
608,Harry,F.
609,Todd,R.
610,Jason,G.
611,Helen,J.
612,Anna,E.
613,Jacqueline,R.
614,Gregory,E.
615,Martin,C.
616,Kimberly,A.
617,Jacqueline,W.
618,Lisa,D.
619,Rose,S.
620,Joshua,C.
621,Shirley,E.
622,Rose,F.
623,Jack,B.
624,Sean,G.
625,Edward,W.
626,Joshua,D.
627,Amy,D.
628,Frank,S.
629,Sara,P.
630,Janet,T.
631,Alan,N.
632,Louise,P.
633,Henry,F.
634,Helen,P.
635,Shirley,M.
636,Harry,W.
637,Nicholas,R.
638,Brenda,P.
639,Aaron,G.
640,Phillip,T.
641,Frances,M.
642,Jane,N.
643,Jimmy,K.
644,Alan,N.
645,Dennis,B.
646,Sean,O.
647,Johnny,H.
648,Shirley,A.
649,Laura,L.
650,Virginia,H.
651,Brenda,L.
652,Jacqueline,F.
653,Phillip,L.
654,Paul,G.
655,Christina,O.
656,Laura,G.
657,Johnny,W.
658,Gregory,S.
659,Shirley,C.
660,Janet,K.
661,Rose,B.
662,Adam,J.
663,Shirley,B.
664,Barbara,M.
665,Harold,S.
666,Anna,C.
667,Jacqueline,O.
668,Kimberly,T.
669,Todd,N.
670,Kelly,M.
671,Virginia,J.
672,Joshua,N.
673,Jimmy,S.
674,Katherine,P.
675,Kimberly,T.
676,Jimmy,A.
677,Amy,O.
678,Edward,E.
679,Kathryn,H.
680,Thomas,P.
681,Jane,R.
682,Teresa,G.
683,Shawn,H.
684,Barbara,D.
685,Sarah,L.
686,Sean,R.
687,Frances,J.
688,Margaret,E.
689,Scott,R.
690,Kathryn,S.
691,Michael,C.
692,Gregory,F.
693,Elizabeth,T.
694,Louise,F.
695,Elizabeth,L.
696,Harry,S.
697,Brenda,T.
698,Billy,F.
699,Joshua,R.
700,Dennis,R.
701,Nicole,P.
702,Phillip,S.
703,Timothy,L.
704,Frank,N.
705,Harry,E.
706,Laura,N.
707,Maria,O.
708,Benjamin,E.
709,Katherine,F.
710,Jason,K.
711,Shirley,A.
712,Harold,C.
713,Benjamin,O.
714,Margaret,G.
715,Henry,W.
716,Virginia,T.
717,Sara,O.
718,Gregory,S.
719,Anna,S.
720,Alan,T.
721,Jesse,N.
722,Todd,D.
723,Jason,P.
724,Anna,N.
725,Barbara,B.
726,Jane,H.
727,Paul,F.
728,Jesse,K.
729,Dennis,W.
730,Phillip,F.
731,Kimberly,M.
732,Frances,R.
733,Kathryn,B.
734,Johnny,D.
735,Elizabeth,S.
736,Christina,K.
737,Gloria,S.
738,Johnny,G.
739,Jacqueline,T.
740,Henry,L.
741,Anne,S.
742,Nicole,T.
743,Andrea,F.
744,Nicholas,D.
745,Johnny,A.
746,Rose,T.
747,Arthur,J.
748,Kathleen,J.
749,Kathryn,L.
750,Jack,M.
751,Jane,K.
752,Mary,P.
753,Jane,C.
754,Steve,K.
755,Jacqueline,W.
756,Benjamin,W.
757,Andrea,L.
758,Sarah,D.
759,Virginia,F.
760,Frances,W.
761,Jacqueline,J.
762,Janet,F.
763,Shirley,A.
764,Todd,J.
765,Mary,G.
766,Aaron,R.
767,Rose,N.
768,Helen,S.
769,Dennis,H.
770,Jack,F.
771,Virginia,A.
772,Aaron,S.
773,Lillian,W.
774,Phillip,E.
775,Sarah,N.
776,Paul,T.
777,Timothy,E.
778,Thomas,B.
779,Gregory,L.
780,Thomas,E.
781,Kathryn,S.
782,Scott,D.
783,Kelly,S.
784,Gerald,J.
785,Shawn,N.
786,Aaron,S.
787,Lillian,C.
788,Kelly,S.
789,David,F.
790,Katherine,K.
791,Jane,L.
792,Mary,F.
793,Lillian,G.
794,Brenda,A.
795,Gloria,K.
796,Sara,S.
797,Harold,O.
798,Barbara,P.
799,Victor,O.
800,Margaret,F.
801,Lillian,L.
802,Johnny,C.
803,Jesse,W.
804,Sara,B.
805,Jesse,S.
806,David,N.
807,Johnny,L.
808,Nicholas,W.
809,Theresa,G.
810,Helen,M.
811,Howard,R.
812,Howard,J.
813,Andrea,C.
814,Jason,L.
815,Frank,J.
816,Amanda,P.
817,Sean,P.
818,Jack,C.
819,Dennis,W.
820,Mary,R.
821,Shirley,A.
822,Christina,D.
823,Fred,H.
824,Adam,T.
825,Janet,K.
826,Kimberly,M.
827,Maria,L.
828,Jack,M.
829,Mary,G.
830,Henry,W.
831,Victor,W.
832,Rose,T.
833,Theresa,E.
834,Jane,F.
835,Kathleen,R.
836,Jennifer,S.
837,Brenda,J.
838,Mary,J.
839,Helen,E.
840,Christina,B.
841,Henry,M.
842,Brenda,B.
843,Shirley,J.
844,Gloria,R.
845,Kelly,L.
846,Kathleen,K.
847,Johnny,C.
848,Katherine,F.
849,Todd,C.
850,Jacqueline,D.
851,Jason,F.
852,Mary,P.
853,Shirley,J.
854,Brenda,G.
855,Christina,F.
856,Todd,A.
857,Brenda,F.
858,Gregory,M.
859,Laura,F.
860,Thomas,K.
861,Michael,L.
862,Howard,H.
863,Anne,T.
864,Sean,K.
865,Aaron,N.
866,Jack,R.
867,Margaret,K.
868,Nicholas,D.
869,Henry,J.
870,Gloria,R.
871,Louise,G.
872,Norma,R.
873,Billy,C.
874,Mary,N.
875,Paul,O.
876,Lisa,P.
877,Michael,C.
878,Mary,J.
879,Henry,D.
880,Aaron,M.
881,Norma,C.
882,Laura,A.
883,Amanda,B.
884,Margaret,M.
885,Marie,N.
886,Martin,O.
887,Teresa,H.
888,Louise,D.
889,Amanda,E.
890,Judy,F.
891,Scott,D.
892,Paul,H.
893,Timothy,F.
894,Virginia,L.
895,Anna,O.
896,Kelly,S.
897,Sarah,T.
898,Kimberly,B.
899,Thomas,H.
900,Billy,W.
901,Jimmy,D.
902,Kimberly,N.
903,Phillip,G.
904,Shirley,C.
905,Diana,D.
906,Steve,G.
907,Jason,A.
908,Lillian,G.
909,Christina,M.
910,Martin,A.
911,Katherine,F.
912,Steve,P.
913,Jesse,F.
914,Lisa,S.
915,Elizabeth,W.
916,Helen,A.
917,Rose,O.
918,Maria,D.
919,Jimmy,B.
920,Jacqueline,G.
921,Fred,H.
922,Lillian,C.
923,Amanda,C.
924,Billy,L.
925,Sarah,K.
926,Rose,K.
927,Nicholas,M.
928,Jesse,E.
929,Timothy,A.
930,Adam,G.
931,Marie,C.
932,Gregory,N.
933,Victor,G.
934,Shawn,J.
935,Todd,O.
936,Timothy,D.
937,Janet,K.
938,Rose,J.
939,Andrea,B.
940,Judy,F.
941,Thomas,N.
942,Martin,D.
943,Scott,R.
944,Jane,T.
945,Katherine,T.
946,Howard,K.
947,Benjamin,T.
948,Teresa,C.
949,Nicole,P.
950,Sara,K.
951,Alan,H.
952,Sara,O.
953,Andrea,A.
954,Nicole,L.
955,Mary,K.
956,Teresa,J.
957,Nicholas,F.
958,Brenda,T.
959,Victor,A.
960,Jennifer,J.
961,Arthur,W.
962,Timothy,F.
963,Joshua,G.
964,Amy,M.
965,Kelly,R.
966,Shawn,R.
967,Jean,F.
968,Janet,W.
969,David,M.
970,Willie,M.
971,Norma,F.
972,Gloria,K.
973,Aaron,G.
974,Shawn,S.
975,Andrea,E.
976,Brenda,N.
977,Kelly,C.
978,Jean,O.
979,Gerald,E.
980,Aaron,W.
981,Johnny,S.
982,Arthur,N.
983,Theresa,F.
984,Kathryn,N.
985,Phillip,F.
986,Joshua,M.
987,Alan,E.
988,Helen,B.
989,Amy,T.
990,Henry,M.
991,Paul,E.
992,Jason,N.
993,Jane,D.
994,Harold,N.
995,Katherine,H.
996,Judy,E.
997,Anna,E.
998,Phillip,O.
999,Jimmy,C.
1000,Jean,G.
1001,Rose,B.
1002,Jimmy,J.
1003,Johnny,B.
1004,Kathryn,J.
1005,Jacqueline,C.
1006,Willie,J.
1007,Katherine,R.
1008,Jimmy,J.
1009,Sara,K.
1010,Johnny,O.
1011,Margaret,T.
1012,Paul,G.
1013,Steve,O.
1014,Kimberly,D.
1015,Todd,B.
1016,Shawn,P.
1017,Joshua,A.
1018,Howard,J.
1019,Jane,F.
1020,Helen,O.
1021,Frank,J.
1022,Fred,H.
1023,Aaron,O.
1024,Michael,M.
1025,Jean,E.
1026,Jack,O.
1027,Janet,H.
1028,Helen,L.
1029,Harry,P.
1030,Benjamin,M.
1031,Katherine,G.
1032,Henry,L.
1033,Jesse,F.
1034,Theresa,E.
1035,Arthur,E.
1036,Janet,E.
1037,Katherine,D.
1038,Jason,J.
1039,Kathryn,C.
1040,Victor,S.
1041,Andrea,M.
1042,Kathryn,R.
1043,Todd,R.
1044,Amy,M.
1045,Joshua,D.
1046,Jacqueline,F.
1047,Scott,K.
1048,Aaron,P.
1049,Arthur,C.
1050,Sara,F.
1051,Harold,H.
1052,Dennis,A.
1053,Andrea,N.
1054,Frank,H.
1055,Joshua,D.
1056,Mildred,R.
1057,Todd,J.
1058,Margaret,E.
1059,Phillip,P.
1060,Anne,T.
1061,Joshua,T.
1062,Fred,P.
1063,Lillian,H.
1064,Aaron,F.
1065,Fred,K.
1066,Kathleen,C.
1067,Edward,S.
1068,Rose,H.
1069,Jane,T.
1070,Sara,D.
1071,Margaret,C.
1072,Edward,H.
1073,Adam,E.
1074,Harold,D.
1075,Marie,N.
1076,Scott,H.
1077,Mildred,C.
1078,Michael,F.
1079,Gerald,M.
1080,Thomas,F.
1081,Nicole,O.
1082,Martin,K.
1083,Mary,K.
1084,Nicholas,T.
1085,Christina,R.
1086,Jack,J.
1087,Helen,J.
1088,Mary,M.
1089,Kathleen,L.
1090,Diana,W.
1091,Kelly,P.
1092,Willie,G.
1093,Christina,K.
1094,Katherine,T.
1095,Judy,E.
1096,Teresa,D.
1097,Laura,J.
1098,Teresa,A.
1099,Shawn,W.
1100,Edward,G.
1101,Sara,P.
1102,Phillip,H.
1103,Howard,A.
1104,Arthur,M.
1105,Katherine,K.
1106,Timothy,G.
1107,Dennis,K.
1108,Michael,S.
1109,Sarah,A.
1110,Shawn,T.
1111,Fred,F.
1112,Adam,R.
1113,Nicholas,M.
1114,Dennis,E.
1115,Diana,B.
1116,Willie,K.
1117,Norma,J.
1118,Henry,S.
1119,Kelly,J.
1120,Billy,C.
1121,Sara,T.
1122,Phillip,W.
1123,Brenda,N.
1124,Harry,R.
1125,Amanda,O.
1126,Elizabeth,C.
1127,Harold,K.
1128,Kathleen,H.
1129,Scott,B.
1130,Helen,B.
1131,Maria,S.
1132,Jean,J.
1133,Helen,P.
1134,Rose,G.
1135,Jane,M.
1136,Howard,W.
1137,Mary,G.
1138,Mildred,P.
1139,Johnny,G.
1140,Frances,S.
1141,Rose,L.
1142,Maria,H.
1143,Shirley,S.
1144,Gregory,N.
1145,Barbara,F.
1146,Harry,R.
1147,Katherine,N.
1148,Harry,N.
1149,Marie,J.
1150,Brenda,M.
1151,Harry,O.
1152,Louise,C.
1153,Phillip,G.
1154,Jack,O.
1155,Scott,R.
1156,Mildred,E.
1157,Brenda,T.
1158,Steve,F.
1159,Judy,R.
1160,Joshua,N.
1161,Andrea,R.
1162,Anna,R.
1163,Margaret,N.
1164,Phillip,P.
1165,Johnny,P.
1166,Teresa,C.
1167,Alan,H.
1168,Sean,W.
1169,Henry,G.
1170,Paul,F.
1171,Michael,W.
1172,Elizabeth,K.
1173,Martin,D.
1174,Timothy,R.
1175,Virginia,L.
1176,Jack,P.
1177,Norma,D.
1178,Sarah,R.
1179,Andrea,K.
1180,Kimberly,T.
1181,Dennis,M.
1182,Kelly,S.
1183,Kathleen,C.
1184,Michael,G.
1185,Virginia,L.
1186,Thomas,M.
1187,Steve,J.
1188,Barbara,M.
1189,Jason,N.
1190,Diana,D.
1191,Kelly,T.
1192,Sarah,L.
1193,Louise,S.
1194,Paul,S.
1195,Jane,G.
1196,Harold,A.
1197,David,W.
1198,Kathryn,J.
1199,Janet,G.
1200,Teresa,J.
1201,Michael,K.
1202,Harry,P.
1203,Harold,B.
1204,Martin,E.
1205,Billy,D.
1206,Theresa,B.
1207,Diana,N.
1208,Dennis,W.
1209,Laura,R.
1210,Rose,K.
1211,Harold,F.
1212,Teresa,C.
1213,Jack,G.
1214,Laura,C.
1215,Benjamin,E.
1216,Johnny,P.
1217,Anna,S.
1218,Kelly,J.
1219,Aaron,C.
1220,Henry,S.
1221,Kathleen,E.
1222,Dennis,R.
1223,Steve,H.
1224,Louise,T.
1225,Judy,R.
1226,Adam,D.
1227,Sarah,K.
1228,Brenda,W.
1229,Mary,A.
1230,Jean,R.
1231,Howard,E.
1232,Joshua,G.
1233,Janet,P.
1234,Arthur,D.
1235,Andrea,C.
1236,Lisa,G.
1237,Sarah,L.
1238,Alan,B.
1239,Howard,R.
1240,Michael,R.
1241,Amy,J.
1242,Elizabeth,R.
1243,Barbara,B.
1244,Margaret,M.
1245,Katherine,D.
1246,Sara,J.
1247,Frank,T.
1248,Victor,E.
1249,Nicholas,M.
1250,Katherine,D.
1251,Lisa,T.
1252,Christina,M.
1253,Gloria,P.
1254,Sarah,F.
1255,Willie,G.
1256,Sarah,A.
1257,Willie,R.
1258,Jason,M.
1259,Jimmy,R.
1260,Maria,S.
1261,Lillian,E.
1262,Sean,K.
1263,Gregory,G.
1264,Alan,W.
1265,Phillip,S.
1266,Margaret,S.
1267,Marie,K.
1268,Kathryn,T.
1269,Jesse,L.
1270,Martin,S.
1271,Edward,G.
1272,Thomas,R.
1273,Helen,K.
1274,Michael,K.
1275,Thomas,S.
1276,Edward,R.
1277,Edward,S.
1278,Timothy,W.
1279,Steve,J.
1280,Fred,C.
1281,Janet,O.
1282,Billy,M.
1283,Anne,P.
1284,Margaret,N.
1285,Jennifer,K.
1286,Lisa,G.
1287,Louise,C.
1288,Harry,L.
1289,Kimberly,W.
1290,Henry,A.
1291,Andrea,R.
1292,Victor,J.
1293,Howard,N.
1294,Harold,K.
1295,Aaron,K.
1296,Nicholas,T.
1297,Willie,T.
1298,Nicholas,J.
1299,Nicholas,S.
1300,Kathleen,S.
1301,Harry,T.
1302,Judy,T.
1303,Sean,D.
1304,David,D.
1305,Nicholas,F.
1306,Teresa,O.
1307,Lisa,P.
1308,Margaret,R.
1309,Arthur,L.
1310,Phillip,J.
1311,Kathryn,O.
1312,Martin,C.
1313,Diana,N.
1314,Adam,M.
1315,Theresa,L.
1316,Katherine,W.
1317,Harry,N.
1318,Theresa,E.
1319,Kathleen,R.
1320,Amanda,O.
1321,Harry,N.
1322,Jane,D.
1323,Kathleen,H.
1324,Shawn,K.
1325,Jean,M.
1326,Harold,P.
1327,Arthur,M.
1328,Helen,S.
1329,Amanda,E.
1330,Lisa,K.
1331,Nicholas,C.
1332,Michael,S.
1333,Gerald,R.
1334,Christina,E.
1335,Aaron,B.
1336,Kimberly,L.
1337,Michael,L.
1338,Jesse,T.
1339,Sarah,R.
1340,Phillip,J.
1341,Steve,T.
1342,Kathleen,G.
1343,Aaron,G.
1344,Harry,R.
1345,Shirley,K.
1346,Timothy,A.
1347,Teresa,K.
1348,Gerald,O.
1349,Sean,N.
1350,Martin,E.
1351,Mildred,W.
1352,Jimmy,S.
1353,Gerald,C.
1354,Timothy,M.
1355,Todd,D.
1356,Frank,C.
1357,Frances,H.
1358,Jimmy,K.
1359,Anna,C.
1360,Amanda,N.
1361,Lisa,F.
1362,Norma,G.
1363,Virginia,K.
1364,Adam,A.
1365,Frances,R.
1366,Timothy,A.
1367,Adam,C.
1368,Jane,M.
1369,Michael,A.
1370,Joshua,K.
1371,Aaron,A.
1372,David,C.
1373,Sara,O.
1374,Michael,C.
1375,Mary,J.
1376,Edward,J.
1377,Theresa,W.
1378,Theresa,G.
1379,Lisa,E.
1380,Victor,O.
1381,Arthur,K.
1382,Norma,E.
1383,Rose,E.
1384,Joshua,L.
1385,Willie,E.
1386,Phillip,A.
1387,Helen,D.
1388,Alan,A.
1389,David,W.
1390,Sean,W.
1391,Aaron,N.
1392,Norma,R.
1393,Maria,E.
1394,Frances,D.
1395,Shawn,F.
1396,Nicholas,O.
1397,Joshua,C.
1398,Amanda,D.
1399,Arthur,O.
1400,Thomas,B.
1401,Scott,C.
1402,Henry,D.
1403,Norma,P.
1404,Timothy,W.
1405,Jean,T.
1406,Frank,S.
1407,Gloria,H.
1408,Todd,B.
1409,Judy,B.
1410,Maria,J.
1411,Teresa,P.
1412,Anna,B.
1413,Todd,K.
1414,Gloria,R.
1415,Barbara,T.
1416,Rose,R.
1417,Amanda,T.
1418,Sean,P.
1419,Theresa,M.
1420,Louise,O.
1421,Michael,P.
1422,Teresa,H.
1423,Judy,E.
1424,Virginia,G.
1425,Shirley,F.
1426,Steve,J.
1427,Shirley,C.
1428,Kathleen,F.
1429,Dennis,L.
1430,Margaret,R.
1431,Diana,N.
1432,Thomas,S.
1433,Jane,H.
1434,Frank,N.
1435,Adam,G.
1436,Kathleen,J.
1437,Gregory,K.
1438,Mary,W.
1439,Frank,C.
1440,Victor,M.
1441,Henry,T.
1442,Andrea,E.
1443,Laura,S.
1444,Harold,A.
1445,Nicholas,B.
1446,Nicole,T.
1447,Gregory,N.
1448,Harry,H.
1449,Nicole,K.
1450,Barbara,P.
1451,Jane,S.
1452,Frances,M.
1453,Victor,S.
1454,Kathryn,D.
1455,Thomas,D.
1456,Mary,O.
1457,Judy,M.
1458,Janet,C.
1459,Theresa,P.
1460,Johnny,L.
1461,Teresa,H.
1462,Lisa,A.
1463,Kelly,J.
1464,Barbara,C.
1465,David,P.
1466,Judy,C.
1467,Willie,K.
1468,Todd,K.
1469,Marie,W.
1470,Anna,C.
1471,Judy,C.
1472,Elizabeth,G.
1473,Shirley,R.
1474,Rose,E.
1475,Adam,P.
1476,Harry,P.
1477,Victor,B.
1478,Arthur,C.
1479,Jacqueline,B.
1480,Nicholas,W.
1481,Norma,J.
1482,Howard,G.
1483,Adam,B.
1484,Anna,T.
1485,Christina,E.
1486,Frank,J.
1487,Sara,H.
1488,Jane,E.
1489,Nicole,O.
1490,Margaret,G.
1491,Harold,L.
1492,Aaron,H.
1493,Helen,C.
1494,Mildred,W.
1495,Kelly,K.
1496,Billy,B.
1497,Harold,P.
1498,Teresa,L.
1499,Scott,T.
1500,Maria,J.
1501,Mildred,H.
1502,Steve,T.
1503,Victor,T.
1504,Nicole,A.
1505,Adam,A.
1506,Thomas,N.
1507,Margaret,N.
1508,Maria,A.
1509,Mary,P.
1510,Henry,W.
1511,Paul,D.
1512,Frances,K.
1513,David,F.
1514,Thomas,J.
1515,Brenda,R.
1516,Elizabeth,M.
1517,Jacqueline,S.
1518,Thomas,P.
1519,Fred,M.
1520,Fred,R.
1521,Kathryn,D.
1522,Margaret,S.
1523,Billy,T.
1524,Todd,B.
1525,Barbara,W.
1526,Shawn,J.
1527,Frank,T.
1528,Jacqueline,C.
1529,Harold,B.
1530,Norma,G.
1531,Mildred,F.
1532,Christina,M.
1533,Johnny,E.
1534,Victor,P.
1535,Joshua,M.
1536,Todd,R.
1537,Kimberly,E.
1538,Helen,P.
1539,Shirley,H.
1540,Willie,R.
1541,Timothy,N.
1542,Jason,A.
1543,Helen,A.
1544,Janet,N.
1545,Fred,L.
1546,Sean,C.
1547,Timothy,P.
1548,Katherine,N.
1549,Janet,H.
1550,Katherine,D.
1551,Diana,N.
1552,Kathleen,T.
1553,Brenda,K.
1554,Howard,O.
1555,Aaron,L.
1556,Jack,B.
1557,Jennifer,D.
1558,Michael,M.
1559,Scott,C.
1560,Shirley,A.
1561,Alan,E.
1562,Billy,M.
1563,Mary,F.
1564,Elizabeth,F.
1565,Willie,F.
1566,Helen,H.
1567,Lisa,A.
1568,Andrea,W.
1569,Helen,N.
1570,Howard,A.
1571,Mary,W.
1572,Harold,D.
1573,Todd,S.
1574,Anna,M.
1575,Shirley,K.
1576,Paul,K.
1577,Helen,W.
1578,Scott,C.
1579,Thomas,P.
1580,Harold,B.
1581,Laura,D.
1582,Shawn,S.
1583,Harry,T.
1584,Frances,F.
1585,Thomas,J.
1586,Mildred,T.
1587,Brenda,B.
1588,Steve,T.
1589,Lillian,O.
1590,Henry,L.
1591,Margaret,L.
1592,Sean,L.
1593,Janet,P.
1594,Barbara,K.
1595,Amy,N.
1596,Jane,W.
1597,Shirley,K.
1598,Mary,B.
1599,Helen,R.
1600,Jack,O.
1601,Laura,O.
1602,Norma,C.
1603,Teresa,A.
1604,Margaret,J.
1605,Frank,R.
1606,Kathleen,R.
1607,Laura,H.
1608,Frances,M.
1609,Mildred,J.
1610,Sean,R.
1611,Jennifer,W.
1612,Frances,C.
1613,Billy,D.
1614,Victor,C.
1615,Gloria,C.
1616,Johnny,W.
1617,Gregory,F.
1618,Harry,G.
1619,Theresa,R.
1620,Frank,S.
1621,Howard,E.
1622,Mildred,F.
1623,Jason,L.
1624,Frances,P.
1625,Jack,T.
1626,Jason,C.
1627,Andrea,J.
1628,Jason,D.
1629,Amy,F.
1630,Amy,R.
1631,Shirley,H.
1632,Rose,G.
1633,Alan,R.
1634,Edward,W.
1635,Adam,S.
1636,Shawn,O.
1637,Frances,W.
1638,Janet,E.
1639,Mildred,W.
1640,Sarah,O.
1641,Christina,D.
1642,Laura,S.
1643,Billy,K.
1644,Benjamin,H.
1645,Mary,H.
1646,Howard,E.
1647,David,N.
1648,David,A.
1649,Laura,R.
1650,Harold,L.
1651,Diana,H.
1652,Benjamin,B.
1653,Lisa,A.
1654,Lillian,F.
1655,Jimmy,D.
1656,Johnny,E.
1657,Kimberly,L.
1658,Alan,P.
1659,Sarah,O.
1660,Janet,M.
1661,Aaron,L.
1662,Gregory,S.
1663,Sean,D.
1664,Shawn,W.
1665,David,J.
1666,Sarah,G.
1667,Janet,D.
1668,Anne,F.
1669,Judy,D.
1670,Phillip,D.
1671,Alan,N.
1672,Martin,J.
1673,Scott,C.
1674,Amanda,C.
1675,Timothy,K.
1676,Benjamin,N.
1677,Benjamin,A.
1678,Fred,E.
1679,Phillip,L.
1680,Margaret,H.
1681,Scott,E.
1682,Shirley,F.
1683,Steve,P.
1684,Frances,B.
1685,Sarah,D.
1686,Kimberly,W.
1687,Margaret,B.
1688,Margaret,P.
1689,Kimberly,C.
1690,Lillian,L.
1691,Howard,M.
1692,Jean,C.
1693,Paul,W.
1694,Timothy,G.
1695,Willie,F.
1696,Harry,D.
1697,Marie,H.
1698,Kelly,P.
1699,Henry,O.
1700,Laura,W.
1701,Shawn,L.
1702,Marie,H.
1703,Katherine,A.
1704,Howard,P.
1705,Judy,O.
1706,Paul,J.
1707,Marie,T.
1708,Andrea,B.
1709,Johnny,W.
1710,Gregory,D.
1711,Lillian,A.
1712,Kelly,O.
1713,Martin,K.
1714,Timothy,E.
1715,Edward,T.
1716,Brenda,R.
1717,Harry,W.
1718,Jimmy,P.
1719,Edward,O.
1720,Brenda,G.
1721,Adam,W.
1722,Gloria,W.
1723,Joshua,P.
1724,Michael,H.
1725,Janet,D.
1726,Gloria,L.
1727,Barbara,A.
1728,Jack,B.
1729,Sarah,D.
1730,Thomas,D.
1731,Anna,E.
1732,Frances,K.
1733,Paul,T.
1734,Barbara,T.
1735,Benjamin,B.
1736,Brenda,F.
1737,Nicole,S.
1738,Mary,F.
1739,Aaron,W.
1740,Amanda,B.
1741,Amy,W.
1742,Brenda,J.
1743,Amanda,O.
1744,Andrea,L.
1745,Martin,B.
1746,Gloria,T.
1747,Kelly,N.
1748,Steve,B.
1749,Amy,L.
1750,Teresa,M.
1751,Jean,M.
1752,Amanda,T.
1753,Shirley,M.
1754,Barbara,S.
1755,Jimmy,R.
1756,Sean,D.
1757,Howard,F.
1758,Brenda,N.
1759,Marie,D.
1760,Nicole,G.
1761,Thomas,T.
1762,Shawn,C.
1763,Thomas,W.
1764,Jacqueline,H.
1765,Norma,E.
1766,Martin,E.
1767,David,K.
1768,Jacqueline,O.
1769,Thomas,S.
1770,Thomas,L.
1771,Kimberly,G.
1772,Todd,T.
1773,Norma,N.
1774,Sean,F.
1775,Jane,O.
1776,Timothy,K.
1777,Dennis,H.
1778,Shirley,P.
1779,Kimberly,B.
1780,Andrea,W.
1781,Frank,J.
1782,Johnny,B.
1783,Theresa,E.
1784,Diana,W.
1785,Johnny,A.
1786,Adam,G.
1787,Alan,R.
1788,Andrea,G.
1789,Jacqueline,T.
1790,Harry,J.
1791,Janet,L.
1792,Lillian,M.
1793,Helen,S.
1794,Shawn,T.
1795,Sara,F.
1796,Willie,S.
1797,Billy,C.
1798,Gerald,B.
1799,Anna,N.
1800,Frank,H.
1801,Anne,B.
1802,Howard,H.
1803,Thomas,L.
1804,Jack,P.
1805,Brenda,S.
1806,Harold,L.
1807,Paul,A.
1808,Billy,E.
1809,Nicholas,E.
1810,Gerald,J.
1811,Henry,F.
1812,Anna,O.
1813,Jacqueline,H.
1814,Alan,H.
1815,Victor,T.
1816,Jimmy,P.
1817,Norma,R.
1818,Jean,M.
1819,Nicole,S.
1820,Paul,C.
1821,Victor,D.
1822,Jean,H.
1823,Kathleen,J.
1824,Sarah,E.
1825,Thomas,T.
1826,Mary,H.
1827,Laura,B.
1828,Louise,S.
1829,Brenda,C.
1830,Fred,P.
1831,Brenda,W.
1832,Jesse,J.
1833,Mary,E.
1834,Thomas,P.
1835,Sean,N.
1836,Anna,K.
1837,Sean,E.
1838,Theresa,E.
1839,Kimberly,R.
1840,Edward,A.
1841,Alan,O.
1842,Frances,P.
1843,Dennis,S.
1844,Janet,M.
1845,Margaret,N.
1846,Janet,H.
1847,Lillian,A.
1848,Gerald,W.
1849,Lisa,C.
1850,Alan,S.
1851,Lillian,O.
1852,Andrea,P.
1853,Scott,J.
1854,Diana,B.
1855,Joshua,O.
1856,Nicole,T.
1857,Kimberly,A.
1858,Theresa,D.
1859,Elizabeth,G.
1860,Shirley,P.
1861,Benjamin,E.
1862,Mildred,F.
1863,Harry,H.
1864,Lisa,N.
1865,Sarah,L.
1866,Katherine,A.
1867,Timothy,W.
1868,Brenda,K.
1869,Frances,W.
1870,Fred,N.
1871,Gregory,P.
1872,Michael,C.
1873,Christina,N.
1874,Margaret,G.
1875,Norma,A.
1876,Todd,N.
1877,Harry,B.
1878,Thomas,R.
1879,Harry,P.
1880,Andrea,D.
1881,Jesse,T.
1882,Frank,A.
1883,Martin,J.
1884,Martin,J.
1885,Dennis,L.
1886,Timothy,P.
1887,Janet,K.
1888,Mildred,D.
1889,Billy,F.
1890,Aaron,J.
1891,Nicole,B.
1892,Janet,R.
1893,Diana,F.
1894,Howard,D.
1895,Joshua,R.
1896,Sara,P.
1897,Jack,K.
1898,Edward,R.
1899,Anne,P.
1900,Margaret,G.
1901,Adam,N.
1902,Marie,G.
1903,Jane,O.
1904,Jason,R.
1905,Teresa,R.
1906,Mildred,N.
1907,Adam,T.
1908,Amanda,E.
1909,Jimmy,L.
1910,Anna,F.
1911,Virginia,H.
1912,Lillian,N.
1913,Janet,G.
1914,Mildred,K.
1915,Anne,H.
1916,Lillian,D.
1917,Jacqueline,R.
1918,Barbara,R.
1919,Jacqueline,O.
1920,Christina,W.
1921,Kathleen,N.
1922,Norma,F.
1923,Mary,F.
1924,David,M.
1925,Fred,L.
1926,Todd,A.
1927,Joshua,F.
1928,Thomas,K.
1929,Kimberly,D.
1930,Harold,A.
1931,Jimmy,C.
1932,Brenda,N.
1933,Aaron,B.
1934,Todd,R.
1935,Anna,H.
1936,Theresa,E.
1937,Frances,E.
1938,Theresa,H.
1939,Nicholas,K.
1940,Louise,B.
1941,Margaret,N.
1942,Jimmy,W.
1943,Diana,N.
1944,Jennifer,O.
1945,Johnny,E.
1946,Shirley,K.
1947,Phillip,F.
1948,Harry,P.
1949,Shawn,S.
1950,Katherine,A.
1951,Kathryn,H.
1952,Scott,D.
1953,Amy,S.
1954,Lillian,H.
1955,Shirley,M.
1956,Howard,N.
1957,Rose,R.
1958,Rose,F.
1959,Kathryn,M.
1960,Amanda,M.
1961,Mildred,H.
1962,Jennifer,N.
1963,Anna,S.
1964,Jean,M.
1965,Henry,P.
1966,Laura,F.
1967,Jesse,F.
1968,Maria,P.
1969,Theresa,O.
1970,Timothy,A.
1971,Harry,S.
1972,Frank,B.
1973,Martin,R.
1974,Jimmy,J.
1975,Jesse,J.
1976,Frances,P.
1977,Maria,H.
1978,Billy,S.
1979,Scott,F.
1980,Margaret,G.
1981,Lillian,N.
1982,Nicole,E.
1983,Billy,O.
1984,Maria,F.
1985,Rose,W.
1986,Christina,K.
1987,Brenda,O.
1988,Benjamin,H.
1989,Judy,A.
1990,Arthur,C.
1991,Sara,G.
1992,Steve,W.
1993,Anna,L.
1994,Amanda,D.
1995,Elizabeth,S.
1996,Sara,H.
1997,Phillip,L.
1998,Adam,S.
1999,Aaron,A.
2000,Arthur,J.
