session_id,customer_id,started_at,ended_at,utm_source,ad_id
1,997,2026-04-21 15:45:17,2026-04-21 15:54:17,bing,gs3b60bb95
2,505,2026-05-29 09:44:22,2026-05-29 10:33:22,linkedin,ff3e24af90
3,189,2026-04-27 10:39:49,2026-04-27 10:59:49,facebook,fs010e568e
4,1244,2026-06-02 11:31:10,2026-06-02 12:03:10,linkedin,ffd838d499
5,662,2026-04-08 17:40:06,2026-04-08 18:37:06,direct,gdb74814a1
6,1338,2026-04-11 11:44:55,2026-04-11 12:21:55,email,gs32f5c145
7,271,2026-05-23 12:47:33,2026-05-23 13:09:33,direct,gs703db423
8,1960,2026-05-29 04:17:41,2026-05-29 04:59:41,linkedin,fv3d11fd3c
9,1857,2026-04-27 16:53:58,2026-04-27 17:30:58,instagram,if11c644f3
10,1740,2026-04-29 14:19:23,2026-04-29 15:15:23,facebook,ffda00455b
11,569,2026-05-03 05:02:02,2026-05-03 05:10:02,twitter,fsf402fe73
12,643,2026-05-08 05:01:42,2026-05-08 05:25:42,linkedin,fv40d57f7c
13,747,2026-04-19 08:47:44,2026-04-19 08:56:44,direct,gs9902a744
14,509,2026-05-07 11:57:00,2026-05-07 12:14:00,linkedin,fsef5cc02e
15,1996,2026-04-19 05:41:17,2026-04-19 06:26:17,organic,gdc521fa48
16,1715,2026-06-02 04:14:43,2026-06-02 04:38:43,youtube,gsed3d4c05
17,447,2026-05-07 10:55:54,2026-05-07 11:03:54,facebook,ffbe95e895
18,1584,2026-04-11 15:25:15,2026-04-11 16:14:15,google,gdaf45584b
19,767,2026-04-19 12:37:11,2026-04-19 13:00:11,bing,gsa44131a6
20,351,2026-05-12 04:13:45,2026-05-12 04:57:45,organic,gs3e590308
21,1718,2026-05-29 09:14:05,2026-05-29 09:54:05,linkedin,fs8afe0852
22,350,2026-04-27 09:19:16,2026-04-27 10:16:16,email,gs7787743b
23,299,2026-05-04 10:19:52,2026-05-04 10:41:52,google,gd3ae4cfd8
24,1297,2026-04-29 08:12:43,2026-04-29 08:36:43,twitter,ffe828ab30
25,1769,2026-05-27 16:52:19,2026-05-27 17:42:19,google,gs6c3ffae2
26,950,2026-05-08 14:33:37,2026-05-08 15:24:37,facebook,fsbf57d48e
27,874,2026-05-16 11:36:23,2026-05-16 12:08:23,instagram,ir9b103f7b
28,243,2026-04-11 06:45:59,2026-04-11 07:21:59,bing,gd3ae4cfd8
29,1281,2026-05-16 06:00:54,2026-05-16 07:00:54,twitter,ff617a0a85
30,1017,2026-04-30 08:38:25,2026-04-30 09:32:25,organic,gs0aee06ce
31,1366,2026-04-29 18:45:47,2026-04-29 19:18:47,linkedin,fv5fe2a996
32,1928,2026-04-14 13:26:56,2026-04-14 13:47:56,bing,gs7f3a17f1
33,904,2026-04-28 18:00:18,2026-04-28 18:21:18,instagram,if34fa9e61
34,376,2026-06-02 10:59:10,2026-06-02 11:39:10,organic,gscd2b59c1
35,532,2026-05-23 12:12:31,2026-05-23 12:43:31,linkedin,fs9d06ba99
36,1582,2026-04-27 00:59:04,2026-04-27 01:46:04,youtube,gs2495fa2d
37,1646,2026-04-08 08:45:31,2026-04-08 08:57:31,instagram,isefc74e0b
38,485,2026-05-24 06:56:33,2026-05-24 07:56:33,linkedin,ff230888b9
39,206,2026-05-01 13:29:16,2026-05-01 14:19:16,bing,gs185f3e0a
40,671,2026-05-19 10:30:56,2026-05-19 10:33:56,direct,gsd30a2082
41,1762,2026-04-12 10:59:04,2026-04-12 11:15:04,google,gsd5e5d168
42,410,2026-04-18 09:59:58,2026-04-18 10:57:58,instagram,ir9b103f7b
43,426,2026-04-12 14:24:58,2026-04-12 14:52:58,organic,gsd5e5d168
44,1645,2026-04-15 17:09:34,2026-04-15 18:04:34,organic,gsfef4e77c
45,61,2026-06-01 19:56:36,2026-06-01 20:13:36,twitter,ff501f42d8
46,1536,2026-05-14 15:59:56,2026-05-14 16:48:56,organic,gs6661f2e8
47,966,2026-04-17 11:01:42,2026-04-17 11:56:42,bing,gdf41431a3
48,93,2026-04-13 17:09:16,2026-04-13 17:47:16,organic,gs52a70a75
49,1986,2026-04-25 14:25:52,2026-04-25 15:15:52,youtube,gs78a0a228
50,184,2026-05-06 17:20:39,2026-05-06 18:03:39,instagram,ir7485f322
51,1648,2026-04-19 15:31:34,2026-04-19 15:51:34,google,gsa87824f3
52,1819,2026-04-23 11:00:34,2026-04-23 11:14:34,linkedin,ffa779ed7d
53,535,2026-05-24 01:23:26,2026-05-24 02:10:26,linkedin,fseede9630
54,1219,2026-04-20 13:12:41,2026-04-20 13:24:41,youtube,gdfccc94c9
55,1855,2026-05-31 19:39:25,2026-05-31 20:34:25,facebook,fs6011ee2d
56,441,2026-05-06 17:53:03,2026-05-06 18:48:03,organic,gs3e590308
57,492,2026-04-21 10:08:08,2026-04-21 10:50:08,linkedin,fvc29eaa99
58,930,2026-04-04 05:17:24,2026-04-04 05:58:24,bing,gsc2020311
59,739,2026-04-27 10:56:16,2026-04-27 11:43:16,instagram,ifa5ef99b7
60,871,2026-04-16 10:21:30,2026-04-16 11:11:30,facebook,fv2e72e922
61,817,2026-04-22 15:26:18,2026-04-22 16:08:18,organic,gs1b0a4634
62,1538,2026-05-23 14:17:46,2026-05-23 15:07:46,twitter,fsb131ec02
63,1728,2026-04-05 07:26:03,2026-04-05 07:42:03,facebook,fs8453c1e1
64,1057,2026-05-27 00:38:22,2026-05-27 01:11:22,linkedin,fs9c6d2c46
65,243,2026-05-31 05:32:57,2026-05-31 05:43:57,youtube,gd11b8fa3f
66,1552,2026-06-01 20:58:29,2026-06-01 21:40:29,youtube,gd84fefa02
67,1038,2026-05-13 00:50:51,2026-05-13 01:38:51,bing,gs0aee06ce
68,1852,2026-06-01 18:00:31,2026-06-01 18:52:31,google,gs9902a744
69,1558,2026-05-03 14:37:40,2026-05-03 15:03:40,bing,gd60dfff86
70,1872,2026-04-09 10:31:57,2026-04-09 11:19:57,organic,gs94a36787
71,781,2026-04-06 12:57:33,2026-04-06 13:08:33,linkedin,fscdb663c0
72,1027,2026-05-10 11:04:51,2026-05-10 11:51:51,facebook,ffa9d932f6
73,872,2026-04-24 12:14:41,2026-04-24 12:26:41,google,gsaeb2306a
74,345,2026-05-20 10:25:31,2026-05-20 10:58:31,google,gs7787743b
75,1327,2026-05-21 15:21:03,2026-05-21 16:21:03,email,gd95e98eef
76,1464,2026-04-28 03:46:00,2026-04-28 03:53:00,direct,gdbe0119b8
77,1540,2026-05-01 07:25:24,2026-05-01 08:11:24,bing,gsdcca5986
78,1352,2026-04-23 19:09:24,2026-04-23 19:39:24,direct,gs3b60bb95
79,1486,2026-05-01 10:24:21,2026-05-01 11:09:21,linkedin,fs19ee4c37
80,1740,2026-05-03 10:30:48,2026-05-03 10:48:48,facebook,fseede9630
81,245,2026-05-03 10:55:16,2026-05-03 11:13:16,email,gsaeb2306a
82,1536,2026-05-12 10:17:32,2026-05-12 10:28:32,facebook,fv67840e75
83,1508,2026-05-18 18:55:33,2026-05-18 19:15:33,youtube,gs62fe5bbc
84,30,2026-05-21 15:31:28,2026-05-21 16:05:28,google,gs526dc125
85,1053,2026-05-11 13:45:38,2026-05-11 13:53:38,youtube,gd8ed02006
86,614,2026-04-20 08:13:30,2026-04-20 08:20:30,facebook,fsbb906c1c
87,1890,2026-04-24 09:11:09,2026-04-24 09:35:09,youtube,gd30604c75
88,673,2026-05-08 21:04:16,2026-05-08 21:44:16,organic,gdae58af70
89,1979,2026-04-22 11:57:23,2026-04-22 12:55:23,email,gs9090e839
90,1928,2026-05-28 14:22:28,2026-05-28 14:33:28,youtube,gs94a36787
91,607,2026-04-05 15:30:15,2026-04-05 15:37:15,email,gd30604c75
92,242,2026-05-20 23:05:23,2026-05-20 23:20:23,youtube,gs52af8fc7
93,1638,2026-04-24 14:15:42,2026-04-24 14:21:42,instagram,if5a4a0677
94,70,2026-05-20 10:12:53,2026-05-20 10:35:53,direct,gscd2b59c1
95,524,2026-04-22 18:35:55,2026-04-22 19:18:55,google,gdaeec3479
96,694,2026-04-20 16:04:22,2026-04-20 16:56:22,youtube,gs7787743b
97,629,2026-04-04 09:29:58,2026-04-04 10:19:58,youtube,gs32f5c145
98,886,2026-04-13 11:58:07,2026-04-13 12:56:07,linkedin,fs9f69eef4
99,1029,2026-04-08 12:45:25,2026-04-08 13:39:25,youtube,gdb74814a1
100,1835,2026-05-10 11:04:21,2026-05-10 11:59:21,bing,gdc521fa48
101,845,2026-05-26 17:52:33,2026-05-26 17:57:33,direct,gse73613de
102,1309,2026-05-25 08:39:02,2026-05-25 09:18:02,instagram,is0e8e151d
103,634,2026-05-09 05:39:05,2026-05-09 06:19:05,linkedin,fv40a9ede7
104,1273,2026-04-25 16:04:13,2026-04-25 16:13:13,organic,gs4fc93533
105,214,2026-04-20 11:43:07,2026-04-20 12:16:07,organic,gd479f7275
106,796,2026-05-13 12:07:07,2026-05-13 12:15:07,bing,gs7b424f81
107,1884,2026-05-03 12:16:03,2026-05-03 12:56:03,facebook,ffa779ed7d
108,315,2026-04-10 16:43:37,2026-04-10 17:26:37,youtube,gs16f98c5b
109,1102,2026-04-16 08:15:04,2026-04-16 08:48:04,organic,gs8b73abf9
110,390,2026-04-22 12:25:33,2026-04-22 13:03:33,instagram,if983fee3a
111,518,2026-05-18 12:51:02,2026-05-18 12:54:02,instagram,ire46e581b
112,1484,2026-04-19 19:34:12,2026-04-19 20:10:12,youtube,gd786998c1
113,1814,2026-05-06 12:20:37,2026-05-06 12:23:37,twitter,ff3e24af90
114,627,2026-04-24 12:47:21,2026-04-24 13:17:21,twitter,fva7020b27
115,758,2026-04-25 17:12:22,2026-04-25 17:25:22,direct,gsdcca5986
116,1355,2026-05-24 12:39:52,2026-05-24 13:10:52,instagram,if6d6eb93a
117,357,2026-04-28 23:31:42,2026-04-28 23:42:42,instagram,if86a24707
118,1575,2026-04-08 13:40:12,2026-04-08 14:30:12,email,gs9902a744
119,826,2026-05-01 09:48:56,2026-05-01 09:52:56,twitter,ff75f86969
120,1644,2026-04-23 17:41:05,2026-04-23 18:06:05,organic,gs111f07cc
121,1686,2026-04-09 17:15:24,2026-04-09 18:13:24,email,gsa7d90c15
122,453,2026-05-26 10:47:48,2026-05-26 11:20:48,instagram,if4d6d6ff2
123,538,2026-04-09 15:24:41,2026-04-09 16:02:41,direct,gs150569f3
124,1350,2026-04-05 09:31:34,2026-04-05 10:10:34,direct,gd8ed02006
125,1232,2026-05-08 14:26:27,2026-05-08 15:23:27,bing,gdaf45584b
126,1553,2026-05-26 10:26:46,2026-05-26 10:51:46,instagram,if96bedb93
127,1717,2026-05-15 15:43:20,2026-05-15 16:28:20,youtube,gs85f4805b
128,582,2026-05-11 07:13:15,2026-05-11 07:22:15,organic,gs00033f97
129,1582,2026-05-21 13:47:21,2026-05-21 14:12:21,facebook,ff090e6a64
130,315,2026-05-22 17:11:14,2026-05-22 17:30:14,youtube,gd30604c75
131,576,2026-04-29 07:29:58,2026-04-29 08:27:58,youtube,gs660813d5
132,519,2026-05-28 06:17:29,2026-05-28 06:27:29,organic,gsc0de88b4
133,1927,2026-04-08 11:43:53,2026-04-08 12:15:53,instagram,ira1d98059
134,1381,2026-06-01 14:07:57,2026-06-01 15:06:57,google,gd786998c1
135,1406,2026-04-21 11:17:36,2026-04-21 11:48:36,organic,gs945f8641
136,613,2026-04-23 09:47:28,2026-04-23 10:15:28,google,gs382ef7e3
137,1163,2026-05-31 07:40:21,2026-05-31 08:36:21,google,gsd26e96e6
138,1994,2026-04-07 14:26:45,2026-04-07 14:37:45,linkedin,ffda00455b
139,1407,2026-04-16 12:57:42,2026-04-16 13:17:42,facebook,fv5cfba812
140,200,2026-04-09 00:23:12,2026-04-09 00:56:12,instagram,is42b79984
141,1276,2026-05-02 09:17:27,2026-05-02 09:22:27,organic,gs6661f2e8
142,900,2026-05-20 11:53:48,2026-05-20 12:29:48,youtube,gs150569f3
143,214,2026-04-03 10:54:41,2026-04-03 11:46:41,facebook,ffb5c94352
144,1077,2026-05-31 13:17:51,2026-05-31 13:24:51,twitter,ffa779ed7d
145,420,2026-04-29 11:11:33,2026-04-29 11:34:33,bing,gdf9217ff8
146,801,2026-04-24 14:32:28,2026-04-24 14:42:28,google,gsf0f07fbf
147,1819,2026-05-01 20:46:57,2026-05-01 21:04:57,email,gs4414e1c9
148,1592,2026-05-25 10:22:31,2026-05-25 11:15:31,youtube,gdc521fa48
149,891,2026-05-08 11:04:36,2026-05-08 11:16:36,google,gdf3bcedad
150,682,2026-05-30 12:35:13,2026-05-30 12:57:13,facebook,fs60b5b879
151,16,2026-05-23 14:04:23,2026-05-23 14:38:23,email,gsa87824f3
152,1153,2026-06-03 13:45:44,2026-06-03 14:31:44,email,gdb8fefd9b
153,468,2026-04-12 06:51:46,2026-04-12 07:31:46,direct,gsdc80733c
154,233,2026-04-23 09:04:26,2026-04-23 09:37:26,direct,gs7c07bab1
155,1256,2026-05-31 15:34:46,2026-05-31 16:33:46,bing,gdf5db1a64
156,378,2026-04-12 12:30:34,2026-04-12 13:05:34,facebook,ffc59347df
157,269,2026-04-08 11:01:12,2026-04-08 11:27:12,organic,gs6187e8f5
158,802,2026-04-08 00:19:36,2026-04-08 01:12:36,twitter,fs64605cba
159,1446,2026-05-07 12:07:00,2026-05-07 12:11:00,linkedin,fva7020b27
160,582,2026-05-25 08:46:17,2026-05-25 09:45:17,bing,gde29fb35f
161,1042,2026-04-21 15:45:17,2026-04-21 16:27:17,direct,gs94a36787
162,1670,2026-05-23 15:23:49,2026-05-23 15:27:49,google,gsc331f861
163,476,2026-04-28 12:40:22,2026-04-28 13:05:22,facebook,fv960d744c
164,1700,2026-04-03 12:31:47,2026-04-03 12:37:47,organic,gs0aee06ce
165,510,2026-04-24 18:03:11,2026-04-24 18:58:11,email,gd2748153f
166,1139,2026-04-18 14:40:36,2026-04-18 14:45:36,direct,gda514fc4b
167,948,2026-04-19 09:30:15,2026-04-19 10:22:15,organic,gs32f5c145
168,1203,2026-04-13 13:37:13,2026-04-13 13:44:13,twitter,ff8bebd985
169,57,2026-05-29 06:30:37,2026-05-29 06:39:37,linkedin,fs218d9bd0
170,1153,2026-05-07 15:16:48,2026-05-07 15:50:48,google,gsc6e85aa6
171,1704,2026-05-12 14:48:09,2026-05-12 15:37:09,instagram,isa08c4fca
172,706,2026-04-09 15:06:27,2026-04-09 15:52:27,youtube,gdf5db1a64
173,1899,2026-05-04 12:56:48,2026-05-04 13:29:48,bing,gs9090e839
174,1849,2026-04-11 08:06:11,2026-04-11 08:32:11,email,gsa87824f3
175,1212,2026-05-20 13:36:01,2026-05-20 14:14:01,instagram,isb1a3f89e
176,1443,2026-04-18 03:53:50,2026-04-18 04:18:50,email,gd75c08b50
177,1510,2026-04-30 09:57:46,2026-04-30 10:52:46,twitter,fv40a9ede7
178,1987,2026-04-13 09:14:05,2026-04-13 10:13:05,linkedin,fs64605cba
179,356,2026-05-30 15:07:35,2026-05-30 15:59:35,youtube,gdaf45584b
180,1945,2026-04-09 05:24:07,2026-04-09 05:29:07,bing,gs52a70a75
181,232,2026-05-28 06:26:21,2026-05-28 07:14:21,linkedin,fs8453c1e1
182,1357,2026-04-09 08:06:34,2026-04-09 08:51:34,twitter,ff9ae86a72
183,826,2026-05-18 09:32:39,2026-05-18 10:11:39,direct,gs52af8fc7
184,91,2026-05-04 09:18:42,2026-05-04 10:17:42,facebook,fva00ef4a8
185,1288,2026-04-12 14:05:44,2026-04-12 14:38:44,organic,gs5e9e1394
186,1517,2026-05-20 08:34:00,2026-05-20 09:30:00,email,gsc2020311
187,1085,2026-04-12 16:15:27,2026-04-12 16:32:27,bing,gsb27a7ee4
188,1343,2026-05-04 07:30:33,2026-05-04 07:44:33,organic,gd3f6ed59e
189,870,2026-04-22 13:27:09,2026-04-22 13:46:09,facebook,ffb5c94352
190,1663,2026-05-27 17:12:00,2026-05-27 17:39:00,direct,gsa8af4b22
191,1896,2026-04-29 11:46:42,2026-04-29 12:07:42,bing,gdb8fefd9b
192,1266,2026-04-26 08:55:26,2026-04-26 09:50:26,twitter,fs8453c1e1
193,680,2026-04-13 08:56:15,2026-04-13 09:42:15,direct,gd29a0c4b1
194,1174,2026-05-16 17:37:48,2026-05-16 18:10:48,facebook,fv4796bec3
195,587,2026-04-27 14:52:41,2026-04-27 15:05:41,linkedin,fs93086267
196,1644,2026-04-09 15:59:42,2026-04-09 16:16:42,organic,gs72c1572d
197,1250,2026-05-11 09:45:10,2026-05-11 09:55:10,google,gd84fefa02
198,769,2026-05-10 13:16:29,2026-05-10 13:59:29,instagram,ifcd131cad
199,1566,2026-05-10 11:31:26,2026-05-10 11:44:26,instagram,isb31bbe2c
200,820,2026-05-17 15:59:02,2026-05-17 16:42:02,google,gs660813d5
201,1798,2026-05-21 15:00:52,2026-05-21 15:23:52,bing,gsb17cd98b
202,532,2026-05-28 13:27:27,2026-05-28 13:46:27,instagram,if9b664a5b
203,779,2026-05-17 14:36:25,2026-05-17 14:57:25,organic,gd2a73b153
204,948,2026-04-04 07:38:39,2026-04-04 07:53:39,linkedin,fv65cd5f15
205,590,2026-05-31 16:12:56,2026-05-31 16:32:56,instagram,iff9c281d3
206,1582,2026-04-10 16:42:40,2026-04-10 16:57:40,email,gsf7978aa8
207,1581,2026-04-23 11:42:03,2026-04-23 12:17:03,linkedin,fv25425edb
208,1406,2026-05-22 05:50:49,2026-05-22 06:01:49,organic,gsd0526bf5
209,1889,2026-04-05 16:17:30,2026-04-05 16:54:30,direct,gs55c170a6
210,1308,2026-04-05 06:39:33,2026-04-05 07:38:33,instagram,if4d6d6ff2
211,1636,2026-05-20 14:08:34,2026-05-20 15:06:34,organic,gs3e590308
212,1343,2026-04-23 15:52:52,2026-04-23 16:10:52,facebook,fv5cfba812
213,1147,2026-06-02 13:26:10,2026-06-02 14:14:10,youtube,gs8f56904e
214,1275,2026-04-14 06:38:06,2026-04-14 06:43:06,linkedin,fs2ec5b0e7
215,1863,2026-05-28 07:00:15,2026-05-28 07:53:15,email,gsefab03c1
216,969,2026-04-21 11:50:19,2026-04-21 12:42:19,google,gdc867120a
217,1940,2026-06-02 01:34:06,2026-06-02 02:21:06,linkedin,fsbd27818a
218,495,2026-05-19 07:48:21,2026-05-19 08:01:21,linkedin,ffa15c8df8
219,581,2026-05-28 14:14:58,2026-05-28 14:55:58,organic,gd71772991
220,665,2026-04-03 10:48:05,2026-04-03 11:22:05,instagram,if46fdfc6e
221,845,2026-05-26 09:27:30,2026-05-26 09:46:30,bing,gd75c08b50
222,470,2026-05-14 07:12:47,2026-05-14 07:56:47,organic,gdf37e5322
223,1449,2026-04-07 10:59:01,2026-04-07 11:03:01,organic,gs750f4e08
224,436,2026-05-28 13:19:36,2026-05-28 13:53:36,email,gsbc229f1f
225,1595,2026-04-05 23:06:54,2026-04-05 23:19:54,youtube,gd2748153f
226,1993,2026-05-07 08:59:57,2026-05-07 09:41:57,email,gd2748153f
227,205,2026-05-14 20:46:24,2026-05-14 21:15:24,facebook,ffda00455b
228,1243,2026-05-03 09:58:54,2026-05-03 10:44:54,facebook,fv2e72e922
229,610,2026-04-12 16:26:19,2026-04-12 17:23:19,direct,gd177f3f85
230,1070,2026-05-02 10:50:14,2026-05-02 11:28:14,facebook,ff617a0a85
231,630,2026-04-21 11:18:44,2026-04-21 12:05:44,twitter,fsf82f8610
232,1810,2026-05-23 09:49:30,2026-05-23 10:41:30,instagram,if2973e960
233,1944,2026-04-14 21:46:54,2026-04-14 22:19:54,twitter,ff617a0a85
234,1755,2026-04-22 13:48:44,2026-04-22 14:05:44,twitter,fsd827fadd
235,1923,2026-06-02 11:14:37,2026-06-02 12:06:37,youtube,gd01780ced
236,1385,2026-04-12 11:41:57,2026-04-12 12:03:57,twitter,fs0d381759
237,245,2026-05-09 17:30:06,2026-05-09 18:17:06,twitter,fs64605cba
238,1214,2026-04-05 11:59:02,2026-04-05 12:44:02,instagram,isa8ad3b6f
239,1524,2026-05-26 06:52:15,2026-05-26 07:24:15,email,gsbba352b2
240,1562,2026-04-18 12:19:41,2026-04-18 12:54:41,bing,gsd26e96e6
241,177,2026-05-08 06:31:07,2026-05-08 07:08:07,linkedin,ffc59347df
242,369,2026-04-26 18:25:18,2026-04-26 19:04:18,youtube,gs39f432a1
243,848,2026-05-11 10:05:51,2026-05-11 10:41:51,google,gsbba352b2
244,952,2026-04-15 05:26:17,2026-04-15 06:18:17,twitter,fv59827849
245,325,2026-05-22 16:11:45,2026-05-22 17:04:45,direct,gs44509097
246,698,2026-04-21 03:30:14,2026-04-21 04:09:14,twitter,fvdd6bd668
247,308,2026-04-20 20:20:44,2026-04-20 20:36:44,email,gsbdd1b3c5
248,789,2026-05-21 14:07:09,2026-05-21 15:05:09,linkedin,fv1d2975e7
249,121,2026-05-08 11:49:27,2026-05-08 12:11:27,direct,gsf0f07fbf
250,1035,2026-04-25 12:58:26,2026-04-25 13:49:26,linkedin,ffbe95e895
251,1691,2026-05-27 14:13:58,2026-05-27 15:00:58,facebook,fv33b0f216
252,1682,2026-04-18 10:06:08,2026-04-18 10:20:08,google,gs705ccfe7
253,1763,2026-05-15 18:48:27,2026-05-15 19:09:27,linkedin,fv0855cee9
254,1124,2026-06-02 08:01:55,2026-06-02 08:05:55,facebook,fv650eb42a
255,1763,2026-04-16 11:59:30,2026-04-16 12:51:30,linkedin,fv4a029544
256,1442,2026-04-29 08:33:32,2026-04-29 09:01:32,twitter,ffa779ed7d
257,744,2026-06-02 19:46:24,2026-06-02 20:30:24,linkedin,ff0e17ed0a
258,1310,2026-05-25 05:02:59,2026-05-25 05:59:59,facebook,fs9f69eef4
259,492,2026-05-05 17:17:41,2026-05-05 17:33:41,instagram,is2db38ccc
260,1066,2026-05-23 18:55:12,2026-05-23 19:22:12,instagram,is727f1a1f
261,1091,2026-04-23 12:26:53,2026-04-23 13:13:53,bing,gd2748153f
262,1461,2026-04-07 15:13:51,2026-04-07 15:16:51,twitter,fv86344e7b
263,531,2026-06-03 19:26:19,2026-06-03 20:08:19,instagram,ir54114d38
264,1979,2026-04-28 12:57:37,2026-04-28 13:49:37,direct,gs8f56904e
265,1621,2026-04-26 06:02:00,2026-04-26 06:23:00,instagram,is88731462
266,174,2026-05-07 11:52:41,2026-05-07 12:14:41,instagram,is7df7e10a
267,1596,2026-04-21 13:48:49,2026-04-21 14:13:49,bing,gs17101d4e
268,1861,2026-04-11 10:37:49,2026-04-11 11:22:49,google,gs8cf66652
269,1546,2026-05-06 13:10:34,2026-05-06 13:13:34,google,gs0a232857
270,1025,2026-05-16 14:21:20,2026-05-16 15:12:20,bing,gd63d2cdcd
271,1028,2026-05-01 15:48:46,2026-05-01 16:00:46,google,gd60dfff86
272,1281,2026-04-06 07:39:46,2026-04-06 08:19:46,instagram,ir9cd4a83f
273,351,2026-05-23 06:36:46,2026-05-23 06:55:46,youtube,gdae58af70
274,1559,2026-04-16 14:47:54,2026-04-16 15:38:54,facebook,fsbf57d48e
275,1723,2026-04-27 12:11:11,2026-04-27 12:17:11,youtube,gs7c07bab1
276,1586,2026-05-01 09:53:59,2026-05-01 10:47:59,google,gs16f98c5b
277,667,2026-04-27 19:33:04,2026-04-27 20:13:04,direct,gda514fc4b
278,1841,2026-04-19 18:26:09,2026-04-19 18:30:09,linkedin,fs0d381759
279,524,2026-04-06 22:16:50,2026-04-06 22:23:50,instagram,if4d6d6ff2
280,1926,2026-05-31 01:06:56,2026-05-31 01:53:56,email,gd0d58342c
281,251,2026-05-21 08:51:17,2026-05-21 09:10:17,youtube,gdb74814a1
282,1535,2026-04-04 13:11:50,2026-04-04 13:21:50,youtube,gsa87824f3
283,1735,2026-04-30 08:15:18,2026-04-30 08:18:18,google,gsa3c7d30b
284,1537,2026-05-23 03:26:34,2026-05-23 03:51:34,direct,gs11906d7e
285,1788,2026-05-25 15:17:42,2026-05-25 15:49:42,linkedin,ff7dba734c
286,1087,2026-05-04 07:27:27,2026-05-04 08:05:27,linkedin,fva7020b27
287,1476,2026-05-28 13:31:28,2026-05-28 13:53:28,youtube,gs1b0a4634
288,753,2026-04-09 13:37:57,2026-04-09 13:55:57,twitter,fs550223c5
289,655,2026-05-06 17:01:22,2026-05-06 17:23:22,bing,gs47dd3ba3
290,1859,2026-05-19 04:54:31,2026-05-19 05:45:31,linkedin,fsa0d2533b
291,1198,2026-04-13 08:49:12,2026-04-13 09:44:12,direct,gdc867120a
292,1335,2026-04-20 07:17:23,2026-04-20 08:15:23,google,gs32f5c145
293,969,2026-04-23 15:27:27,2026-04-23 16:23:27,google,gs5e9e1394
294,725,2026-04-29 02:40:36,2026-04-29 03:04:36,direct,gs00033f97
295,784,2026-04-16 07:00:57,2026-04-16 07:11:57,twitter,fs8afe0852
296,1584,2026-05-20 13:51:04,2026-05-20 14:06:04,organic,gd29a0c4b1
297,1724,2026-04-18 04:01:03,2026-04-18 04:46:03,facebook,fff1a0bf39
298,1500,2026-04-08 09:37:34,2026-04-08 10:27:34,facebook,fv6c61e81a
299,176,2026-05-16 11:50:53,2026-05-16 12:12:53,email,gd64b2b5d9
300,1957,2026-04-07 10:06:25,2026-04-07 10:25:25,linkedin,ff3ac38dc0
301,641,2026-04-03 13:36:06,2026-04-03 13:57:06,instagram,ira1d98059
302,65,2026-05-12 05:37:33,2026-05-12 06:25:33,facebook,fsb131ec02
303,483,2026-05-29 13:05:04,2026-05-29 13:19:04,twitter,fsb131ec02
304,1414,2026-05-04 10:50:52,2026-05-04 11:15:52,bing,gd2a73b153
305,741,2026-04-22 11:33:51,2026-04-22 11:36:51,linkedin,ff896e4725
306,992,2026-04-14 06:53:19,2026-04-14 07:03:19,organic,gsfd51e644
307,94,2026-04-20 09:05:08,2026-04-20 10:02:08,organic,gsa8af4b22
308,353,2026-05-17 08:10:56,2026-05-17 08:46:56,organic,gd11b8fa3f
309,1484,2026-05-14 19:43:35,2026-05-14 20:23:35,bing,gs03051add
310,1261,2026-05-19 22:11:35,2026-05-19 22:54:35,linkedin,fv1178e454
311,1280,2026-04-10 08:50:43,2026-04-10 09:49:43,youtube,gd3d175643
312,741,2026-05-09 04:34:33,2026-05-09 05:08:33,direct,gs2be59424
313,1757,2026-04-28 08:12:03,2026-04-28 09:12:03,facebook,fs11f27eb7
314,1965,2026-05-21 08:40:15,2026-05-21 08:51:15,direct,gsa44131a6
315,1138,2026-05-20 16:36:37,2026-05-20 17:19:37,email,gs00033f97
316,1700,2026-05-26 08:50:55,2026-05-26 09:42:55,youtube,gsd26e96e6
317,776,2026-04-05 21:52:08,2026-04-05 22:25:08,facebook,fs0d381759
318,186,2026-04-20 13:04:21,2026-04-20 13:33:21,facebook,fscdb663c0
319,1966,2026-04-13 14:28:26,2026-04-13 14:39:26,linkedin,fved098e15
320,1545,2026-04-26 15:20:52,2026-04-26 16:00:52,email,gs16f98c5b
321,1580,2026-05-25 18:16:01,2026-05-25 18:39:01,bing,gsa3f528ce
322,232,2026-05-20 15:24:39,2026-05-20 15:58:39,bing,gs0aee06ce
323,1255,2026-05-30 06:31:15,2026-05-30 06:54:15,email,gs94a36787
324,759,2026-04-23 08:18:17,2026-04-23 08:22:17,direct,gs4414e1c9
325,913,2026-04-06 18:43:50,2026-04-06 19:09:50,facebook,ff123fd9af
326,962,2026-04-23 18:19:44,2026-04-23 18:45:44,youtube,gd71772991
327,925,2026-05-25 14:47:32,2026-05-25 15:16:32,organic,gs18108640
328,679,2026-05-16 18:30:53,2026-05-16 18:45:53,facebook,fs2ec5b0e7
329,1461,2026-06-02 18:16:07,2026-06-02 18:36:07,bing,gs78a0a228
330,1748,2026-04-12 13:17:08,2026-04-12 13:26:08,youtube,gs8cf66652
331,1145,2026-04-18 12:07:02,2026-04-18 12:35:02,twitter,fs6c9ada96
332,1591,2026-05-11 10:32:42,2026-05-11 10:50:42,bing,gs141cbb0b
333,164,2026-05-05 12:50:06,2026-05-05 13:15:06,instagram,if8c35c13b
334,1421,2026-05-04 15:38:21,2026-05-04 16:29:21,google,gs8d468a62
335,204,2026-04-03 19:54:38,2026-04-03 20:16:38,bing,gs2495fa2d
336,839,2026-05-03 07:47:09,2026-05-03 07:53:09,bing,gs16f98c5b
337,1580,2026-05-01 13:35:30,2026-05-01 13:49:30,direct,gse03883d9
338,166,2026-04-18 18:44:19,2026-04-18 19:22:19,twitter,ff905368e2
339,141,2026-05-22 16:26:47,2026-05-22 17:02:47,linkedin,ffd2f9322d
340,486,2026-05-06 13:21:35,2026-05-06 13:47:35,organic,gdc867120a
341,260,2026-04-28 12:25:04,2026-04-28 12:38:04,youtube,gd9888557d
342,73,2026-06-01 13:55:41,2026-06-01 14:10:41,instagram,is95bd3bb5
343,594,2026-05-27 16:47:24,2026-05-27 17:18:24,google,gd3ae4cfd8
344,1090,2026-04-27 02:36:53,2026-04-27 03:30:53,direct,gs44509097
345,1952,2026-05-25 09:56:15,2026-05-25 10:32:15,google,gs00033f97
346,315,2026-05-04 09:15:00,2026-05-04 09:36:00,direct,gs9090e839
347,299,2026-05-30 08:48:59,2026-05-30 08:51:59,bing,gs10481db7
348,616,2026-05-06 13:37:03,2026-05-06 14:13:03,google,gs8b73abf9
349,998,2026-05-13 10:49:04,2026-05-13 11:35:04,facebook,ffc59347df
350,795,2026-04-09 12:31:38,2026-04-09 13:20:38,facebook,ffd967b6d4
351,170,2026-04-17 15:44:10,2026-04-17 15:51:10,youtube,gs660813d5
352,1902,2026-05-04 10:59:44,2026-05-04 11:51:44,instagram,irb395feba
353,1213,2026-05-03 02:56:03,2026-05-03 03:45:03,linkedin,fff7ce067a
354,1010,2026-05-22 07:30:17,2026-05-22 07:34:17,direct,gs16f98c5b
355,798,2026-05-21 08:04:47,2026-05-21 08:32:47,google,gsdcf7f8f7
356,735,2026-05-30 18:58:12,2026-05-30 19:41:12,youtube,gs3b60bb95
357,1238,2026-04-29 07:07:06,2026-04-29 07:53:06,bing,gdeb36806d
358,1560,2026-05-24 08:51:18,2026-05-24 09:31:18,bing,gda4bbda1d
359,545,2026-04-26 12:15:35,2026-04-26 12:43:35,organic,gs24046f3a
360,1074,2026-05-25 19:45:37,2026-05-25 20:09:37,google,gs141cbb0b
361,1536,2026-04-30 12:38:53,2026-04-30 12:42:53,twitter,fs844229c2
362,1280,2026-04-06 16:02:33,2026-04-06 16:20:33,organic,gd4f683553
363,252,2026-05-23 14:48:22,2026-05-23 15:11:22,email,gsbb29822d
364,1986,2026-05-30 15:45:22,2026-05-30 16:27:22,google,gsa3f528ce
365,1686,2026-05-04 11:56:25,2026-05-04 12:36:25,organic,gsc1cde449
366,718,2026-04-21 15:03:58,2026-04-21 15:10:58,twitter,ff3ac38dc0
367,434,2026-04-09 05:41:58,2026-04-09 06:20:58,organic,gd9888557d
368,1792,2026-04-19 09:31:08,2026-04-19 10:03:08,facebook,fv0f99b5e9
369,58,2026-05-20 05:23:48,2026-05-20 05:33:48,twitter,fv8ba50c4b
370,330,2026-05-30 18:59:44,2026-05-30 19:27:44,google,gdc867120a
371,885,2026-04-16 07:41:31,2026-04-16 07:46:31,facebook,ff79391567
372,1080,2026-04-27 14:54:48,2026-04-27 15:01:48,linkedin,fv33b0f216
373,1452,2026-05-17 09:49:12,2026-05-17 10:23:12,bing,gscd2b59c1
374,1272,2026-04-09 18:12:13,2026-04-09 19:08:13,facebook,fsdc94b618
375,1381,2026-04-30 17:53:06,2026-04-30 18:10:06,youtube,gs3d92561d
376,1539,2026-06-03 07:40:29,2026-06-03 08:08:29,email,gs7f3a17f1
377,147,2026-05-02 12:00:16,2026-05-02 12:09:16,instagram,ir01e37a15
378,150,2026-05-19 12:12:19,2026-05-19 12:40:19,linkedin,fs8052b791
379,320,2026-04-23 13:51:12,2026-04-23 14:26:12,direct,gd3f1a136e
380,833,2026-05-22 13:02:11,2026-05-22 13:50:11,bing,gda7832c9e
381,1755,2026-05-24 06:53:49,2026-05-24 07:34:49,direct,gsb806a315
382,723,2026-05-07 20:18:19,2026-05-07 21:09:19,google,gsaa0225ea
383,551,2026-04-07 12:12:51,2026-04-07 12:18:51,youtube,gs1c8131ed
384,1589,2026-05-27 13:04:31,2026-05-27 13:48:31,direct,gd479f7275
385,1416,2026-05-28 17:56:53,2026-05-28 18:52:53,twitter,fvfbde6b41
386,1816,2026-05-21 17:53:50,2026-05-21 18:51:50,twitter,ff3c06f687
387,514,2026-04-20 06:50:37,2026-04-20 07:23:37,twitter,ffd28945c9
388,1613,2026-04-23 10:45:54,2026-04-23 10:51:54,facebook,fs9c6d2c46
389,399,2026-05-04 06:22:20,2026-05-04 06:48:20,google,gd12862f2a
390,1946,2026-04-10 09:57:06,2026-04-10 10:41:06,twitter,ff225d9a47
391,1122,2026-04-15 04:20:27,2026-04-15 05:17:27,direct,gsd5e5d168
392,1005,2026-04-14 10:54:06,2026-04-14 11:31:06,google,gs99adac5a
393,1145,2026-05-09 19:58:07,2026-05-09 20:27:07,linkedin,fsa97ae14a
394,929,2026-04-11 07:25:28,2026-04-11 08:07:28,email,gd839e6018
395,607,2026-05-11 16:28:34,2026-05-11 16:34:34,linkedin,ff7a12068c
396,1003,2026-06-02 16:49:12,2026-06-02 17:30:12,google,gsc2020311
397,468,2026-04-20 06:49:57,2026-04-20 07:31:57,twitter,ffff17040f
398,324,2026-05-17 16:53:22,2026-05-17 17:11:22,direct,gs750f4e08
399,1749,2026-05-29 17:34:05,2026-05-29 17:48:05,organic,gs111f07cc
400,601,2026-05-03 22:49:19,2026-05-03 23:20:19,bing,gd12862f2a
401,1987,2026-04-17 18:13:02,2026-04-17 18:59:02,linkedin,ffa15c8df8
402,1036,2026-04-30 20:22:32,2026-04-30 20:38:32,linkedin,fs9c6d2c46
403,1932,2026-04-22 12:30:38,2026-04-22 12:50:38,bing,gs747984fb
404,1223,2026-04-07 09:10:01,2026-04-07 10:01:01,youtube,gs750f4e08
405,167,2026-05-15 12:04:25,2026-05-15 12:54:25,email,gd3ae4cfd8
406,211,2026-05-25 17:38:59,2026-05-25 17:44:59,email,gs3e590308
407,391,2026-06-02 07:19:32,2026-06-02 07:43:32,linkedin,fv25425edb
408,1458,2026-04-26 19:17:03,2026-04-26 19:25:03,direct,gs24046f3a
409,673,2026-06-03 10:25:17,2026-06-03 11:01:17,instagram,is10b2cb51
410,931,2026-04-30 16:53:05,2026-04-30 17:11:05,direct,gscd2b59c1
411,770,2026-04-28 04:01:23,2026-04-28 04:43:23,direct,gs1fef2161
412,1804,2026-04-30 18:01:48,2026-04-30 18:42:48,bing,gsc2020311
413,1880,2026-04-12 18:18:00,2026-04-12 18:59:00,linkedin,ff33af2a17
414,757,2026-04-24 15:59:59,2026-04-24 16:55:59,youtube,gs1df9cfa5
415,1703,2026-05-04 15:00:47,2026-05-04 15:38:47,linkedin,ff565ff731
416,207,2026-05-26 17:34:06,2026-05-26 18:05:06,direct,gdcce12d21
417,681,2026-04-14 18:14:04,2026-04-14 18:29:04,facebook,fs8453c1e1
418,844,2026-04-04 13:22:20,2026-04-04 13:25:20,email,gse56afcb7
419,400,2026-06-01 11:33:05,2026-06-01 12:24:05,twitter,fv2e72e922
420,1302,2026-04-25 13:26:20,2026-04-25 14:08:20,direct,gsc8b19382
421,713,2026-04-24 15:02:13,2026-04-24 15:35:13,google,gs526dc125
422,77,2026-05-22 18:12:50,2026-05-22 18:32:50,youtube,gs10481db7
423,889,2026-04-07 08:53:35,2026-04-07 09:02:35,google,gsbb29822d
424,159,2026-05-13 14:36:04,2026-05-13 15:00:04,bing,gse56afcb7
425,178,2026-04-13 17:10:29,2026-04-13 17:20:29,youtube,gs150569f3
426,1650,2026-04-21 09:52:22,2026-04-21 10:51:22,facebook,ff501f42d8
427,775,2026-04-17 14:42:06,2026-04-17 14:45:06,email,gsefab03c1
428,983,2026-05-03 15:12:24,2026-05-03 16:07:24,organic,gdf37e5322
429,38,2026-04-28 13:34:48,2026-04-28 13:39:48,direct,gsc2020311
430,321,2026-04-07 10:49:31,2026-04-07 11:29:31,google,gs03051add
431,78,2026-05-01 14:53:59,2026-05-01 15:33:59,youtube,gd61164a85
432,270,2026-05-12 11:12:39,2026-05-12 11:47:39,facebook,fs7f3e51f4
433,1417,2026-04-23 15:17:35,2026-04-23 15:30:35,google,gs7b424f81
434,1186,2026-05-22 07:00:24,2026-05-22 07:42:24,instagram,ira96cad86
435,308,2026-05-25 13:24:08,2026-05-25 13:27:08,youtube,gsd5e5d168
436,59,2026-04-28 06:00:25,2026-04-28 06:12:25,direct,gdfccc94c9
437,163,2026-04-09 13:52:30,2026-04-09 14:44:30,instagram,is3f85fad0
438,687,2026-04-25 07:38:18,2026-04-25 08:11:18,linkedin,ffd838d499
439,250,2026-05-03 06:28:31,2026-05-03 07:00:31,email,gse03883d9
440,14,2026-05-18 11:14:46,2026-05-18 11:19:46,linkedin,ff3b511c5b
441,972,2026-05-16 14:31:26,2026-05-16 15:09:26,bing,gs8f56904e
442,1206,2026-06-01 14:35:46,2026-06-01 15:17:46,organic,gsbdd1b3c5
443,1780,2026-04-11 20:13:19,2026-04-11 20:23:19,linkedin,fvf78e8d9f
444,1357,2026-05-04 09:49:43,2026-05-04 10:40:43,facebook,ff896e4725
445,963,2026-04-24 14:52:59,2026-04-24 15:36:59,direct,gd9b08c33e
446,1884,2026-05-02 13:34:37,2026-05-02 14:26:37,instagram,is4f5327aa
447,539,2026-04-25 11:09:26,2026-04-25 11:48:26,twitter,fs19ee4c37
448,1916,2026-05-06 09:58:14,2026-05-06 10:17:14,organic,gseff45e37
449,1612,2026-04-24 14:02:44,2026-04-24 14:55:44,twitter,ffbc0d9db3
450,1547,2026-05-15 18:51:58,2026-05-15 19:03:58,organic,gd4f683553
451,713,2026-04-14 10:25:39,2026-04-14 11:17:39,facebook,fs5543be9c
452,1241,2026-05-09 12:15:43,2026-05-09 13:14:43,facebook,ffff17040f
453,277,2026-04-24 09:19:36,2026-04-24 09:46:36,youtube,gs5e9e1394
454,225,2026-05-03 08:04:54,2026-05-03 09:01:54,email,gsb27a7ee4
455,635,2026-04-20 09:45:38,2026-04-20 09:58:38,organic,gsaeb2306a
456,350,2026-05-17 12:21:34,2026-05-17 12:26:34,facebook,fs9d06ba99
457,606,2026-04-29 17:32:44,2026-04-29 18:30:44,google,gs45a197ab
458,466,2026-04-30 10:43:21,2026-04-30 11:38:21,bing,gs62fe5bbc
459,1541,2026-05-16 20:35:26,2026-05-16 20:46:26,twitter,fv301a09e2
460,1559,2026-04-04 10:14:55,2026-04-04 10:25:55,email,gs1df9cfa5
461,1107,2026-04-18 09:39:23,2026-04-18 09:59:23,linkedin,ffff17040f
462,744,2026-05-03 13:28:19,2026-05-03 13:33:19,google,gd0d58342c
463,1096,2026-05-27 07:24:53,2026-05-27 07:45:53,facebook,fsd434eb82
464,841,2026-06-03 13:57:19,2026-06-03 14:53:19,youtube,gd3ae4cfd8
465,845,2026-04-15 10:21:22,2026-04-15 10:59:22,google,gs0aee06ce
466,88,2026-04-26 19:32:35,2026-04-26 20:16:35,youtube,gsc6e85aa6
467,1877,2026-05-03 01:29:55,2026-05-03 01:32:55,organic,gs066bb1b3
468,1654,2026-05-10 19:15:19,2026-05-10 20:11:19,direct,gs55c170a6
469,637,2026-05-31 06:35:59,2026-05-31 06:43:59,google,gd9888557d
470,428,2026-04-24 07:27:09,2026-04-24 07:49:09,bing,gd29a0c4b1
471,333,2026-04-10 11:58:09,2026-04-10 12:07:09,youtube,gd3ae4cfd8
472,719,2026-05-06 08:24:49,2026-05-06 09:17:49,twitter,fv66fa8d0a
473,1993,2026-04-06 01:15:27,2026-04-06 01:48:27,bing,gsbf0f8dc1
474,163,2026-04-22 02:17:06,2026-04-22 02:23:06,youtube,gd71772991
475,411,2026-05-20 13:47:20,2026-05-20 14:01:20,organic,gs99adac5a
476,1759,2026-05-05 05:39:45,2026-05-05 05:48:45,twitter,fs0a274457
477,1136,2026-04-22 14:23:17,2026-04-22 15:13:17,organic,gs7787743b
478,1029,2026-05-31 09:47:44,2026-05-31 10:12:44,youtube,gs94a36787
479,41,2026-05-27 00:57:23,2026-05-27 01:13:23,bing,gs3b60bb95
480,1694,2026-04-15 16:41:54,2026-04-15 17:09:54,organic,gs660813d5
481,1564,2026-04-22 20:45:55,2026-04-22 21:23:55,facebook,ff89be83a7
482,1009,2026-04-14 16:41:40,2026-04-14 17:06:40,twitter,fs5543be9c
483,1737,2026-05-08 13:50:51,2026-05-08 14:33:51,instagram,if46fdfc6e
484,1296,2026-04-29 11:17:43,2026-04-29 11:48:43,linkedin,fsd827fadd
485,1607,2026-05-27 08:58:53,2026-05-27 09:04:53,bing,gs32f5c145
486,280,2026-04-23 11:31:39,2026-04-23 12:20:39,twitter,fs7dc47016
487,1996,2026-05-29 16:10:46,2026-05-29 16:43:46,organic,gs47dd3ba3
488,1813,2026-04-29 11:51:43,2026-04-29 11:58:43,google,gsbba352b2
489,23,2026-04-22 15:20:57,2026-04-22 15:39:57,facebook,fvfbde6b41
490,1592,2026-04-10 16:43:59,2026-04-10 17:36:59,organic,gs9090e839
491,508,2026-05-24 17:34:41,2026-05-24 18:12:41,google,gda5e5bd3b
492,1844,2026-05-03 08:10:23,2026-05-03 08:16:23,bing,gsc2020311
493,1153,2026-04-14 07:38:12,2026-04-14 08:12:12,linkedin,fv6c61e81a
494,1767,2026-06-03 17:34:46,2026-06-03 18:16:46,organic,gsc2020311
495,577,2026-05-15 12:50:12,2026-05-15 13:38:12,direct,gs99adac5a
496,1728,2026-05-18 13:45:41,2026-05-18 14:02:41,direct,gs11906d7e
497,134,2026-04-04 06:41:53,2026-04-04 06:58:53,instagram,isc23b3b52
498,1002,2026-04-25 10:13:06,2026-04-25 10:50:06,google,gd0d58342c
499,565,2026-05-22 13:00:47,2026-05-22 13:06:47,facebook,fv5fe2a996
500,1996,2026-05-22 09:05:55,2026-05-22 10:01:55,youtube,gs0aee06ce
501,1021,2026-05-17 06:15:36,2026-05-17 06:30:36,instagram,ir175dad55
502,1614,2026-04-16 12:15:49,2026-04-16 13:00:49,organic,gse56afcb7
503,1022,2026-05-31 14:59:50,2026-05-31 15:47:50,bing,gs6187e8f5
504,1708,2026-05-11 07:20:59,2026-05-11 08:20:59,youtube,gse56afcb7
505,1040,2026-05-17 15:15:16,2026-05-17 16:13:16,linkedin,ffe828ab30
506,304,2026-04-13 06:44:44,2026-04-13 07:24:44,facebook,fv65cd5f15
507,1439,2026-04-14 07:55:55,2026-04-14 08:18:55,facebook,fs924a15c8
508,1935,2026-04-25 04:08:44,2026-04-25 04:33:44,email,gse56afcb7
509,256,2026-05-03 09:51:11,2026-05-03 09:59:11,youtube,gsd26e96e6
510,133,2026-06-02 02:12:14,2026-06-02 02:56:14,youtube,gda782a81c
511,798,2026-04-25 10:13:22,2026-04-25 11:11:22,linkedin,ffcca59dbf
512,258,2026-05-21 13:38:54,2026-05-21 14:25:54,organic,gsc6e85aa6
513,305,2026-05-06 13:15:00,2026-05-06 13:47:00,twitter,ff898f6560
514,1508,2026-05-10 13:53:37,2026-05-10 13:57:37,direct,gs6661f2e8
515,1010,2026-04-16 16:34:56,2026-04-16 16:48:56,linkedin,fs64605cba
516,822,2026-05-20 15:41:57,2026-05-20 16:29:57,twitter,ff200a85d3
517,328,2026-04-09 11:56:34,2026-04-09 12:24:34,linkedin,ffa15c8df8
518,1238,2026-05-19 17:04:36,2026-05-19 17:42:36,direct,gs1c8131ed
519,1652,2026-04-25 16:23:01,2026-04-25 16:49:01,bing,gs9090e839
520,1757,2026-04-15 17:34:52,2026-04-15 18:01:52,facebook,fs75f8a713
521,1938,2026-05-23 06:07:37,2026-05-23 07:06:37,instagram,ir0ffde107
522,869,2026-05-03 00:25:04,2026-05-03 01:16:04,google,gs236b8752
523,763,2026-04-12 07:02:37,2026-04-12 07:41:37,instagram,is69011529
524,2000,2026-04-05 07:22:54,2026-04-05 08:16:54,twitter,fv40d57f7c
525,1440,2026-04-30 18:26:27,2026-04-30 18:39:27,email,gs759c6e20
526,1809,2026-05-30 12:06:04,2026-05-30 12:58:04,bing,gd6f62c6e0
527,1571,2026-05-31 23:01:22,2026-05-31 23:44:22,linkedin,fs35bdb6fd
528,1925,2026-04-24 17:20:38,2026-04-24 17:32:38,instagram,if240c3c50
529,832,2026-05-05 07:15:21,2026-05-05 07:58:21,youtube,gd29a0c4b1
530,1348,2026-04-28 07:46:26,2026-04-28 08:10:26,twitter,fv2e72e922
531,287,2026-05-19 10:44:17,2026-05-19 11:06:17,linkedin,fv33b0f216
532,642,2026-05-06 07:05:40,2026-05-06 07:32:40,twitter,ff291a4c30
533,459,2026-04-27 09:09:02,2026-04-27 09:53:02,direct,gs1b0a4634
534,457,2026-05-16 04:44:46,2026-05-16 05:28:46,bing,gs85f4805b
535,148,2026-05-28 09:16:59,2026-05-28 09:57:59,google,gsbc229f1f
536,1375,2026-05-31 18:19:03,2026-05-31 19:07:03,email,gs52af8fc7
537,1791,2026-04-17 12:53:50,2026-04-17 13:09:50,email,gs3e590308
538,1972,2026-05-26 03:18:33,2026-05-26 03:35:33,google,gs6c3ffae2
539,1969,2026-05-04 06:28:08,2026-05-04 06:40:08,facebook,fv960d744c
540,1577,2026-04-21 07:09:15,2026-04-21 07:20:15,email,gd8ed02006
541,1917,2026-05-31 23:26:48,2026-06-01 00:10:48,instagram,ir8fc4f618
542,373,2026-05-01 11:52:47,2026-05-01 12:21:47,email,gd64b2b5d9
543,1031,2026-05-21 17:30:00,2026-05-21 17:37:00,youtube,gs705ccfe7
544,1563,2026-05-26 09:46:09,2026-05-26 10:41:09,organic,gd4f683553
545,719,2026-05-14 00:17:58,2026-05-14 00:25:58,bing,gsd0526bf5
546,1715,2026-04-17 10:39:55,2026-04-17 11:03:55,email,gd4b68a894
547,359,2026-05-18 15:06:05,2026-05-18 15:44:05,organic,gddcaa798d
548,254,2026-05-19 04:42:20,2026-05-19 05:25:20,google,gs705ccfe7
549,1792,2026-05-08 14:50:59,2026-05-08 15:21:59,direct,gsd26e96e6
550,1661,2026-05-15 15:32:56,2026-05-15 16:22:56,instagram,if5bb868ea
551,122,2026-05-26 09:58:05,2026-05-26 10:57:05,facebook,fvee4a8c40
552,237,2026-04-05 07:13:05,2026-04-05 07:36:05,linkedin,fv4796bec3
553,190,2026-05-06 17:13:11,2026-05-06 17:49:11,organic,gs10481db7
554,683,2026-04-09 12:23:21,2026-04-09 13:21:21,direct,gd11b8fa3f
555,1675,2026-04-23 11:50:41,2026-04-23 11:57:41,instagram,ireb9e1b47
556,1078,2026-04-25 14:51:27,2026-04-25 15:40:27,email,gs703db423
557,232,2026-05-02 10:23:35,2026-05-02 10:35:35,direct,gs7b424f81
558,1330,2026-05-10 02:24:36,2026-05-10 02:30:36,email,gd9888557d
559,423,2026-05-12 17:12:56,2026-05-12 17:32:56,organic,gs1df9cfa5
560,323,2026-05-10 10:38:45,2026-05-10 10:49:45,email,gda5e5bd3b
561,1427,2026-05-06 10:53:55,2026-05-06 11:27:55,facebook,fvc1906c19
562,1094,2026-04-26 10:24:21,2026-04-26 10:43:21,facebook,ffb6b2c161
563,1816,2026-05-06 09:05:47,2026-05-06 09:35:47,google,gd2748153f
564,1109,2026-04-20 17:10:07,2026-04-20 17:52:07,google,gs747984fb
565,1821,2026-05-15 16:51:06,2026-05-15 17:33:06,direct,gs374bd2c7
566,718,2026-05-27 16:23:44,2026-05-27 16:33:44,twitter,fv14e0aa32
567,615,2026-04-21 07:07:17,2026-04-21 07:22:17,instagram,isf6243307
568,1893,2026-05-31 12:36:38,2026-05-31 13:02:38,twitter,fs9c6d2c46
569,673,2026-04-27 16:17:51,2026-04-27 16:23:51,instagram,if31ff7761
570,713,2026-04-17 18:13:36,2026-04-17 18:37:36,youtube,gsc6e85aa6
571,1004,2026-04-30 08:00:07,2026-04-30 08:56:07,email,gd7fdf042e
572,1712,2026-05-23 14:03:09,2026-05-23 14:09:09,facebook,fs8052b791
573,1435,2026-05-14 12:39:44,2026-05-14 13:15:44,bing,gdd392e604
574,58,2026-04-30 18:56:35,2026-04-30 19:09:35,organic,gdf37e5322
575,249,2026-05-24 11:27:49,2026-05-24 11:59:49,twitter,fsa97ae14a
576,1636,2026-05-07 16:13:14,2026-05-07 16:57:14,email,gd60dfff86
577,1497,2026-05-23 11:06:40,2026-05-23 11:13:40,email,gscfc24b5a
578,976,2026-04-15 14:06:11,2026-04-15 15:04:11,linkedin,ffa9d932f6
579,1980,2026-05-28 10:22:11,2026-05-28 10:52:11,direct,gs705ccfe7
580,660,2026-04-09 12:34:09,2026-04-09 13:29:09,linkedin,fsbd27818a
581,1229,2026-04-17 09:02:59,2026-04-17 09:08:59,organic,gs62fe5bbc
582,1325,2026-05-26 14:11:32,2026-05-26 14:31:32,instagram,ir7485f322
583,1492,2026-04-24 11:32:08,2026-04-24 11:57:08,organic,gs705ccfe7
584,1345,2026-04-15 06:20:45,2026-04-15 06:29:45,bing,gs00033f97
585,883,2026-05-25 18:13:30,2026-05-25 18:21:30,instagram,ir8fc4f618
586,851,2026-05-13 05:01:19,2026-05-13 05:52:19,facebook,fsbf57d48e
587,264,2026-05-10 08:24:20,2026-05-10 08:46:20,youtube,gsb1a96f54
588,947,2026-05-30 13:36:43,2026-05-30 13:41:43,twitter,ffe828ab30
589,1854,2026-05-04 05:58:35,2026-05-04 06:16:35,google,gdc4696b6c
590,1805,2026-04-15 21:51:55,2026-04-15 22:48:55,linkedin,fs2fb2bff6
591,594,2026-05-17 06:46:33,2026-05-17 06:54:33,twitter,ff123fd9af
592,8,2026-05-12 11:13:16,2026-05-12 12:07:16,bing,gd45556a06
593,608,2026-05-16 07:43:59,2026-05-16 07:59:59,bing,gs32f5c145
594,694,2026-05-26 13:55:17,2026-05-26 13:58:17,instagram,if67d02f7f
595,683,2026-04-30 11:29:22,2026-04-30 12:20:22,bing,gs2495fa2d
596,277,2026-04-16 07:07:40,2026-04-16 07:59:40,instagram,is1f3d6080
597,1609,2026-05-24 11:28:27,2026-05-24 11:49:27,bing,gs435aea7d
598,733,2026-05-09 10:28:05,2026-05-09 10:40:05,linkedin,ff8bebd985
599,973,2026-05-13 15:53:26,2026-05-13 16:09:26,google,gs6661f2e8
600,138,2026-04-05 16:21:07,2026-04-05 17:01:07,instagram,irf5a27454
601,334,2026-05-12 04:28:15,2026-05-12 05:07:15,organic,gdeb36806d
602,1669,2026-04-20 10:49:37,2026-04-20 11:40:37,instagram,if0a19b9bc
603,544,2026-04-25 16:54:37,2026-04-25 17:32:37,instagram,is4f5327aa
604,501,2026-04-15 11:18:50,2026-04-15 12:10:50,youtube,gse03883d9
605,1830,2026-05-17 17:40:24,2026-05-17 18:24:24,instagram,if1688ed47
606,714,2026-05-01 16:40:36,2026-05-01 17:40:36,youtube,gd4f683553
607,570,2026-04-19 14:06:06,2026-04-19 14:43:06,google,gsefab03c1
608,920,2026-05-08 11:09:46,2026-05-08 11:41:46,instagram,ire639dc12
609,721,2026-05-24 07:26:15,2026-05-24 08:02:15,twitter,fvb849c6c8
610,103,2026-06-03 16:41:38,2026-06-03 17:40:38,instagram,ir80f7c848
611,1072,2026-05-09 11:29:02,2026-05-09 12:28:02,youtube,gsb17cd98b
612,1775,2026-05-14 10:06:08,2026-05-14 10:10:08,youtube,gsb27a7ee4
613,692,2026-05-19 10:17:33,2026-05-19 11:01:33,bing,gsc2020311
614,464,2026-05-08 19:47:36,2026-05-08 20:15:36,google,gs47dd3ba3
615,476,2026-05-17 11:24:32,2026-05-17 12:22:32,youtube,gs057bb3c2
616,1665,2026-05-03 10:23:40,2026-05-03 11:11:40,google,gsd5e5d168
617,1359,2026-05-30 16:30:48,2026-05-30 16:57:48,instagram,ifeabdad37
618,1517,2026-05-01 15:59:50,2026-05-01 16:14:50,direct,gs1fef2161
619,552,2026-04-24 12:37:07,2026-04-24 13:37:07,linkedin,fs60b5b879
620,1745,2026-05-12 17:52:23,2026-05-12 18:26:23,youtube,gs6fad39f2
621,809,2026-05-04 11:32:18,2026-05-04 11:46:18,linkedin,fs0d381759
622,182,2026-05-11 12:24:07,2026-05-11 13:20:07,linkedin,fv67840e75
623,1073,2026-04-03 12:28:35,2026-04-03 12:51:35,organic,gs73620c04
624,1444,2026-04-16 15:34:41,2026-04-16 15:52:41,twitter,fvc29eaa99
625,806,2026-05-11 10:50:01,2026-05-11 11:43:01,youtube,gsfd51e644
626,1323,2026-05-16 12:41:13,2026-05-16 13:33:13,google,gd839e6018
627,1278,2026-04-18 16:07:45,2026-04-18 16:36:45,facebook,fsb131ec02
628,1627,2026-05-10 17:54:08,2026-05-10 18:44:08,bing,gs7c07bab1
629,1488,2026-04-29 18:49:21,2026-04-29 19:15:21,organic,gsd26e96e6
630,173,2026-05-06 20:34:47,2026-05-06 20:52:47,google,gsd30a2082
631,1181,2026-04-17 09:16:30,2026-04-17 09:45:30,bing,gd0d58342c
632,1993,2026-05-23 14:11:09,2026-05-23 14:38:09,youtube,gdaf45584b
633,1465,2026-04-16 03:15:19,2026-04-16 03:30:19,facebook,ff3b511c5b
634,821,2026-04-08 18:28:59,2026-04-08 18:59:59,email,gd337ede94
635,363,2026-05-23 18:10:07,2026-05-23 18:59:07,google,gsa87824f3
636,1200,2026-05-07 02:19:12,2026-05-07 02:48:12,bing,gsb806a315
637,1626,2026-05-24 12:53:58,2026-05-24 13:13:58,google,gs45a197ab
638,238,2026-05-09 11:47:51,2026-05-09 12:46:51,bing,gs6187e8f5
639,942,2026-05-24 08:15:05,2026-05-24 08:54:05,email,gd337ede94
640,82,2026-05-18 18:04:43,2026-05-18 18:29:43,facebook,fvfe4b8afc
641,966,2026-05-24 17:42:43,2026-05-24 17:52:43,youtube,gs7b424f81
642,1254,2026-05-14 10:04:31,2026-05-14 10:41:31,facebook,fsf402fe73
643,869,2026-04-12 14:20:55,2026-04-12 14:49:55,instagram,isfe2e7a6a
644,483,2026-04-16 18:16:06,2026-04-16 18:40:06,direct,gs7787743b
645,1879,2026-04-15 20:03:02,2026-04-15 20:38:02,linkedin,ffcc502a76
646,1828,2026-04-25 16:59:24,2026-04-25 17:53:24,google,gs0a232857
647,1357,2026-05-14 09:36:05,2026-05-14 09:51:05,email,gd75c08b50
648,1835,2026-05-05 13:39:12,2026-05-05 14:00:12,google,gdf37e5322
649,15,2026-04-11 17:21:53,2026-04-11 18:18:53,google,gs6c3ffae2
650,29,2026-04-07 08:00:26,2026-04-07 08:09:26,bing,gs417306ef
651,191,2026-04-11 19:19:27,2026-04-11 20:09:27,google,gs6c3ffae2
652,1845,2026-04-21 17:47:07,2026-04-21 18:42:07,youtube,gs1b0a4634
653,696,2026-04-11 04:00:45,2026-04-11 04:12:45,organic,gs1b0a4634
654,1737,2026-05-04 07:05:07,2026-05-04 07:15:07,youtube,gs3b60bb95
655,281,2026-04-09 12:51:21,2026-04-09 13:46:21,youtube,gsf52965cf
656,1556,2026-05-25 12:46:40,2026-05-25 13:45:40,facebook,ff33af2a17
657,440,2026-05-23 18:20:38,2026-05-23 18:25:38,linkedin,fveab70deb
658,444,2026-04-10 12:31:55,2026-04-10 12:42:55,direct,gs72c1572d
659,1741,2026-05-12 07:41:05,2026-05-12 08:30:05,youtube,gsa8af4b22
660,993,2026-05-03 15:47:57,2026-05-03 16:17:57,twitter,fs0d381759
661,440,2026-04-20 13:34:33,2026-04-20 14:21:33,direct,gdf37e5322
662,1920,2026-05-16 12:17:13,2026-05-16 13:08:13,bing,gd60dfff86
663,1436,2026-05-18 13:26:13,2026-05-18 13:35:13,email,gsefab03c1
664,1112,2026-05-09 14:54:47,2026-05-09 15:33:47,bing,gd337ede94
665,1272,2026-05-14 12:12:14,2026-05-14 12:55:14,email,gd45556a06
666,37,2026-05-04 08:20:03,2026-05-04 08:56:03,linkedin,fsdc94b618
667,668,2026-05-07 12:09:29,2026-05-07 13:06:29,linkedin,ff4b3d2ef0
668,802,2026-04-10 09:47:54,2026-04-10 10:33:54,organic,gs73620c04
669,714,2026-05-07 11:22:28,2026-05-07 11:40:28,twitter,fv301a09e2
670,119,2026-05-10 15:44:12,2026-05-10 16:39:12,bing,gsc2020311
671,1991,2026-05-11 12:01:32,2026-05-11 12:12:32,organic,gsb1a96f54
672,1647,2026-05-23 09:53:12,2026-05-23 10:24:12,youtube,gd75c08b50
673,401,2026-06-01 10:15:04,2026-06-01 11:01:04,direct,gd7fdf042e
674,422,2026-05-05 01:37:15,2026-05-05 01:43:15,google,gdc521fa48
675,658,2026-05-12 10:43:31,2026-05-12 11:23:31,email,gs10481db7
676,115,2026-04-14 08:48:08,2026-04-14 09:21:08,direct,gs7f3a17f1
677,1169,2026-04-15 07:27:26,2026-04-15 07:47:26,bing,gs47dd3ba3
678,340,2026-06-03 16:10:07,2026-06-03 16:39:07,instagram,iff47a5b38
679,811,2026-06-02 15:57:30,2026-06-02 16:10:30,direct,gd3f1a136e
680,427,2026-05-04 17:44:59,2026-05-04 18:31:59,google,gsb1a96f54
681,1282,2026-05-12 13:40:36,2026-05-12 14:19:36,twitter,fs7f3e51f4
682,184,2026-04-19 13:58:12,2026-04-19 14:46:12,linkedin,fs844229c2
683,533,2026-05-06 12:30:47,2026-05-06 12:58:47,instagram,is4c44ccc7
684,254,2026-04-28 05:46:21,2026-04-28 06:02:21,youtube,gs8b73abf9
685,1206,2026-05-22 04:07:32,2026-05-22 04:23:32,facebook,fv834ec5a7
686,796,2026-05-10 13:14:39,2026-05-10 13:31:39,bing,gs16f98c5b
687,291,2026-05-23 10:43:21,2026-05-23 10:58:21,email,gs8d468a62
688,730,2026-05-05 10:16:11,2026-05-05 10:31:11,instagram,if49455ea0
689,1769,2026-05-30 10:56:42,2026-05-30 11:07:42,twitter,fve7ddf661
690,1250,2026-06-02 10:04:43,2026-06-02 10:50:43,direct,gd8ed02006
691,1998,2026-04-17 12:20:35,2026-04-17 13:10:35,instagram,if79f39d4c
692,1644,2026-05-23 12:52:16,2026-05-23 13:02:16,bing,gd63d2cdcd
693,336,2026-05-17 09:46:12,2026-05-17 10:38:12,bing,gs945f8641
694,978,2026-05-29 21:55:30,2026-05-29 22:44:30,twitter,fs9d06ba99
695,1572,2026-04-16 19:54:05,2026-04-16 20:11:05,google,gsc6e85aa6
696,959,2026-04-23 13:53:37,2026-04-23 14:35:37,facebook,ff7d463394
697,24,2026-05-12 12:14:20,2026-05-12 12:48:20,facebook,fs8052b791
698,1297,2026-05-26 08:59:18,2026-05-26 09:47:18,instagram,is339b8793
699,948,2026-05-27 13:21:22,2026-05-27 13:26:22,youtube,gd75c08b50
700,561,2026-05-13 09:45:24,2026-05-13 09:50:24,bing,gs24046f3a
701,1024,2026-05-13 18:20:23,2026-05-13 18:46:23,linkedin,fs7dfc9a25
702,1738,2026-05-25 12:15:27,2026-05-25 12:29:27,linkedin,fv33b0f216
703,942,2026-04-27 16:36:56,2026-04-27 16:40:56,organic,gs1fef2161
704,1525,2026-05-02 10:13:03,2026-05-02 10:29:03,linkedin,ff501f42d8
705,1367,2026-05-11 14:02:14,2026-05-11 14:51:14,google,gd12862f2a
706,888,2026-05-24 05:23:50,2026-05-24 05:40:50,google,gs057bb3c2
707,733,2026-04-10 12:49:17,2026-04-10 13:24:17,youtube,gs17101d4e
708,1932,2026-05-02 15:43:34,2026-05-02 16:02:34,twitter,fv1d2975e7
709,172,2026-04-26 09:07:24,2026-04-26 09:11:24,twitter,fs010e568e
710,137,2026-04-12 11:15:20,2026-04-12 11:26:20,direct,gd2748153f
711,811,2026-05-11 14:20:48,2026-05-11 15:00:48,email,gs435aea7d
712,684,2026-05-23 15:06:04,2026-05-23 15:34:04,google,gs1df9cfa5
713,617,2026-04-16 17:52:44,2026-04-16 18:39:44,facebook,fs924a15c8
714,1504,2026-05-02 13:05:30,2026-05-02 14:02:30,google,gs9d539b25
715,1243,2026-05-05 11:10:49,2026-05-05 11:30:49,email,gsc6e85aa6
716,1734,2026-04-10 12:45:45,2026-04-10 13:44:45,facebook,fs218d9bd0
717,1413,2026-05-21 04:04:54,2026-05-21 04:12:54,email,gsc331f861
718,1767,2026-04-06 10:44:27,2026-04-06 11:08:27,organic,gd6e99fac8
719,601,2026-04-11 10:56:03,2026-04-11 11:00:03,google,gd63d2cdcd
720,329,2026-05-08 10:25:48,2026-05-08 11:11:48,organic,gd3d175643
721,529,2026-04-03 06:11:32,2026-04-03 06:52:32,linkedin,fs20b67e6c
722,707,2026-05-08 15:52:17,2026-05-08 16:02:17,twitter,fs550223c5
723,553,2026-04-09 11:47:17,2026-04-09 12:32:17,google,gs5e9e1394
724,988,2026-05-04 06:26:22,2026-05-04 06:51:22,linkedin,fs93086267
725,781,2026-04-08 08:30:33,2026-04-08 09:15:33,facebook,fsf402fe73
726,83,2026-05-29 09:28:27,2026-05-29 09:37:27,organic,gs2666456a
727,256,2026-05-19 13:41:39,2026-05-19 14:24:39,facebook,fs93086267
728,1334,2026-05-24 07:12:15,2026-05-24 07:50:15,linkedin,ff230888b9
729,1045,2026-04-30 07:20:39,2026-04-30 07:56:39,twitter,fsdc94b618
730,215,2026-05-17 06:46:21,2026-05-17 07:18:21,email,gsa3f528ce
731,847,2026-04-08 07:55:17,2026-04-08 08:08:17,email,gs0aee06ce
732,961,2026-06-02 03:48:34,2026-06-02 04:46:34,instagram,irc56fd2d4
733,1692,2026-04-15 18:13:10,2026-04-15 19:07:10,facebook,fv7e3ce0d4
734,1577,2026-05-04 07:55:08,2026-05-04 08:35:08,organic,gsa44131a6
735,1214,2026-05-16 06:14:09,2026-05-16 06:41:09,google,gs11906d7e
736,1414,2026-04-08 05:37:53,2026-04-08 06:12:53,facebook,fvc29eaa99
737,460,2026-04-28 16:41:27,2026-04-28 16:46:27,organic,gs5e9e1394
738,402,2026-05-24 10:39:07,2026-05-24 11:33:07,youtube,gs94a36787
739,931,2026-05-18 11:58:41,2026-05-18 12:39:41,youtube,gs39f432a1
740,37,2026-04-07 09:49:20,2026-04-07 10:48:20,direct,gsa44131a6
741,715,2026-06-03 12:32:15,2026-06-03 12:57:15,bing,gs94a36787
742,767,2026-04-24 10:26:28,2026-04-24 11:17:28,google,gs45a197ab
743,246,2026-04-08 12:52:11,2026-04-08 13:18:11,facebook,fffcd1e226
744,846,2026-05-14 02:26:59,2026-05-14 02:43:59,email,gsbc229f1f
745,927,2026-05-04 16:29:40,2026-05-04 16:53:40,organic,gd45556a06
746,1392,2026-04-28 17:52:24,2026-04-28 18:04:24,direct,gs8b73abf9
747,693,2026-05-06 13:06:08,2026-05-06 13:48:08,linkedin,fv38915d50
748,1693,2026-04-22 12:08:38,2026-04-22 13:07:38,facebook,fff607030e
749,1504,2026-04-04 11:50:11,2026-04-04 12:10:11,email,gsd26e96e6
750,418,2026-05-27 06:28:08,2026-05-27 06:52:08,direct,gs759c6e20
751,1577,2026-04-26 16:20:52,2026-04-26 16:28:52,direct,gs382ef7e3
752,1403,2026-04-23 13:09:49,2026-04-23 13:56:49,youtube,gs52a70a75
753,1593,2026-05-24 11:55:29,2026-05-24 12:50:29,bing,gs141cbb0b
754,424,2026-06-01 12:33:40,2026-06-01 12:50:40,bing,gd0d58342c
755,1841,2026-05-04 17:39:49,2026-05-04 17:54:49,direct,gd3d175643
756,281,2026-05-01 06:15:06,2026-05-01 07:05:06,organic,gse56afcb7
757,1622,2026-04-22 10:40:55,2026-04-22 10:50:55,linkedin,fv38915d50
758,421,2026-05-07 19:34:14,2026-05-07 20:08:14,bing,gs32f5c145
759,131,2026-06-03 18:48:03,2026-06-03 19:15:03,instagram,isf59fb923
760,1413,2026-05-25 17:27:50,2026-05-25 17:32:50,bing,gse56afcb7
761,72,2026-04-28 13:26:20,2026-04-28 14:07:20,linkedin,fs8e42355d
762,1892,2026-05-24 13:26:38,2026-05-24 13:54:38,linkedin,fs3669cb1d
763,539,2026-05-03 12:22:37,2026-05-03 13:22:37,direct,gd11b8fa3f
764,1659,2026-05-29 04:26:43,2026-05-29 04:38:43,youtube,gsbb29822d
765,1026,2026-04-27 09:28:17,2026-04-27 09:51:17,youtube,gs1fef2161
766,591,2026-04-21 12:05:46,2026-04-21 12:21:46,organic,gse56afcb7
767,1528,2026-05-21 14:50:37,2026-05-21 15:33:37,youtube,gs62fe5bbc
768,1088,2026-05-13 15:10:03,2026-05-13 15:36:03,organic,gsbdd1b3c5
769,1935,2026-05-22 08:58:00,2026-05-22 09:04:00,linkedin,fva00ef4a8
770,124,2026-04-26 17:13:12,2026-04-26 17:16:12,facebook,fffcd1e226
771,1003,2026-06-03 04:40:48,2026-06-03 05:28:48,instagram,is9c14970a
772,1855,2026-05-14 18:55:16,2026-05-14 19:17:16,organic,gs0a232857
773,1610,2026-05-28 14:29:16,2026-05-28 14:54:16,instagram,if6d6eb93a
774,1212,2026-04-27 09:49:58,2026-04-27 10:33:58,instagram,ifb3cd951e
775,347,2026-05-13 14:47:03,2026-05-13 14:55:03,instagram,is21a2346d
776,1005,2026-06-02 10:34:18,2026-06-02 10:52:18,email,gs750f4e08
777,840,2026-05-23 08:04:16,2026-05-23 08:24:16,instagram,is4f5327aa
778,32,2026-04-13 16:59:29,2026-04-13 17:19:29,organic,gd4b68a894
779,649,2026-05-25 09:53:05,2026-05-25 10:08:05,linkedin,ffb6b2c161
780,1726,2026-04-07 06:23:28,2026-04-07 06:44:28,linkedin,fv14e0aa32
781,786,2026-05-20 13:47:08,2026-05-20 14:11:08,twitter,fv8ba50c4b
782,1510,2026-04-19 11:58:47,2026-04-19 12:33:47,direct,gs18108640
783,1332,2026-05-12 10:46:23,2026-05-12 11:10:23,youtube,gsc8b19382
784,605,2026-05-13 06:57:30,2026-05-13 07:22:30,direct,gd177f3f85
785,1752,2026-05-11 20:41:29,2026-05-11 20:49:29,linkedin,fvc1906c19
786,697,2026-05-22 15:34:01,2026-05-22 16:13:01,youtube,gd9888557d
787,1770,2026-05-21 10:33:23,2026-05-21 11:22:23,twitter,fvc29eaa99
788,525,2026-04-17 11:13:48,2026-04-17 11:39:48,google,gd95e98eef
789,541,2026-05-21 04:11:59,2026-05-21 04:33:59,linkedin,fv38915d50
790,1018,2026-05-07 05:10:56,2026-05-07 05:57:56,direct,gsc331f861
791,732,2026-04-13 17:54:25,2026-04-13 18:02:25,organic,gd3f1a136e
792,1601,2026-04-30 18:36:37,2026-04-30 18:58:37,linkedin,fs8afe0852
793,1062,2026-04-06 16:35:19,2026-04-06 17:13:19,organic,gs0aee06ce
794,577,2026-05-29 12:41:48,2026-05-29 13:31:48,bing,gd84fefa02
795,1888,2026-04-07 09:11:45,2026-04-07 09:50:45,email,gda7832c9e
796,1483,2026-04-13 11:08:48,2026-04-13 11:22:48,organic,gs78a0a228
797,1711,2026-05-06 21:46:10,2026-05-06 21:49:10,google,gscfc24b5a
798,1971,2026-05-01 17:49:51,2026-05-01 18:11:51,instagram,ir685b7a20
799,1298,2026-05-18 21:26:39,2026-05-18 22:03:39,google,gs7b424f81
800,157,2026-05-23 08:42:17,2026-05-23 09:40:17,google,gs24046f3a
801,1582,2026-04-14 00:18:17,2026-04-14 01:17:17,email,gscd2b59c1
802,1469,2026-04-30 01:03:06,2026-04-30 01:48:06,linkedin,ff6c96b245
803,1556,2026-04-05 18:32:33,2026-04-05 19:14:33,organic,gscd2b59c1
804,156,2026-05-10 10:10:31,2026-05-10 10:58:31,direct,gdd392e604
805,48,2026-05-11 11:13:47,2026-05-11 11:29:47,twitter,fv5228f354
806,762,2026-05-14 09:16:42,2026-05-14 09:47:42,organic,gd6e99fac8
807,1005,2026-04-29 11:07:42,2026-04-29 11:59:42,linkedin,fv40a9ede7
808,332,2026-04-08 13:16:20,2026-04-08 14:07:20,google,gsa3f528ce
809,1994,2026-05-12 10:19:25,2026-05-12 10:39:25,organic,gdbe0119b8
810,583,2026-04-21 09:58:39,2026-04-21 10:05:39,email,gs6fad39f2
811,388,2026-05-10 09:49:04,2026-05-10 10:03:04,email,gsbdd1b3c5
812,1596,2026-05-02 05:15:57,2026-05-02 06:10:57,direct,gs3e590308
813,890,2026-05-30 11:29:52,2026-05-30 12:24:52,facebook,ffbe95e895
814,876,2026-04-08 08:52:59,2026-04-08 09:41:59,email,gd7fdf042e
815,1885,2026-05-10 07:17:34,2026-05-10 08:16:34,instagram,is7df7e10a
816,145,2026-04-19 12:58:20,2026-04-19 13:48:20,linkedin,ff346bcde7
817,1827,2026-04-23 13:06:53,2026-04-23 13:58:53,bing,gsd30a2082
818,171,2026-05-23 14:13:53,2026-05-23 14:35:53,youtube,gs066bb1b3
819,1147,2026-05-03 12:28:18,2026-05-03 12:31:18,twitter,ffba12510a
820,1174,2026-05-30 08:04:33,2026-05-30 08:24:33,twitter,fs2fb2bff6
821,913,2026-05-08 19:24:22,2026-05-08 20:19:22,linkedin,fva00ef4a8
822,1991,2026-05-16 21:54:02,2026-05-16 22:07:02,google,gs8bcda9d1
823,1642,2026-04-12 11:23:17,2026-04-12 11:29:17,twitter,fffcd1e226
824,1978,2026-04-15 06:15:47,2026-04-15 06:42:47,youtube,gs2be59424
825,1277,2026-05-09 18:56:39,2026-05-09 19:09:39,google,gdc867120a
826,113,2026-05-31 15:54:28,2026-05-31 16:08:28,bing,gs057bb3c2
827,486,2026-05-29 13:40:41,2026-05-29 14:01:41,direct,gs417306ef
828,1263,2026-05-30 18:01:02,2026-05-30 18:08:02,email,gsb27a7ee4
829,898,2026-04-30 13:50:43,2026-04-30 14:07:43,linkedin,fs6011ee2d
830,1440,2026-04-06 18:59:20,2026-04-06 19:57:20,linkedin,ff3ac38dc0
831,1682,2026-04-10 19:47:19,2026-04-10 20:00:19,youtube,gse03883d9
832,372,2026-04-14 19:57:25,2026-04-14 20:55:25,direct,gs0aee06ce
833,1174,2026-04-27 04:36:54,2026-04-27 04:48:54,bing,gd839e6018
834,1858,2026-05-07 04:59:07,2026-05-07 05:27:07,bing,gs382ef7e3
835,1345,2026-05-08 12:39:50,2026-05-08 13:28:50,twitter,fv159debb6
836,587,2026-05-23 01:29:21,2026-05-23 01:36:21,facebook,ffcc502a76
837,1314,2026-04-19 10:03:44,2026-04-19 10:31:44,google,gsb27a7ee4
838,1808,2026-04-29 13:37:15,2026-04-29 14:34:15,youtube,gd71772991
839,1319,2026-05-21 11:56:09,2026-05-21 12:36:09,youtube,gd3d175643
840,1098,2026-04-12 12:56:17,2026-04-12 13:56:17,twitter,fs844229c2
841,1518,2026-05-10 14:54:00,2026-05-10 15:26:00,bing,gs740f859c
842,1766,2026-05-24 11:04:13,2026-05-24 11:22:13,linkedin,ff7d463394
843,623,2026-05-17 08:01:32,2026-05-17 08:52:32,youtube,gdaf45584b
844,195,2026-05-13 18:48:20,2026-05-13 19:21:20,instagram,if39b4406b
845,503,2026-05-31 10:45:01,2026-05-31 10:48:01,youtube,gs6661f2e8
846,249,2026-04-08 14:29:38,2026-04-08 15:00:38,direct,gsc2020311
847,1589,2026-05-09 09:02:12,2026-05-09 09:27:12,facebook,fv29caaafd
848,155,2026-04-23 10:56:29,2026-04-23 11:48:29,bing,gs526dc125
849,1854,2026-05-28 11:13:55,2026-05-28 11:52:55,email,gs18108640
850,390,2026-04-27 11:55:13,2026-04-27 12:33:13,google,gd84fefa02
851,674,2026-04-28 13:41:01,2026-04-28 14:16:01,twitter,fs550223c5
852,1752,2026-04-25 10:57:59,2026-04-25 11:01:59,facebook,ff565ff731
853,1799,2026-04-18 11:01:26,2026-04-18 11:35:26,twitter,fsdc94b618
854,580,2026-05-22 15:01:33,2026-05-22 15:36:33,bing,gs660813d5
855,1008,2026-04-03 12:06:27,2026-04-03 12:10:27,bing,gdb74814a1
856,1852,2026-04-15 02:43:53,2026-04-15 03:20:53,organic,gsbba352b2
857,671,2026-04-25 17:53:53,2026-04-25 18:35:53,linkedin,ff33af2a17
858,488,2026-04-14 09:45:55,2026-04-14 09:56:55,direct,gsaa0225ea
859,1745,2026-05-27 14:30:54,2026-05-27 15:23:54,twitter,ffda00455b
860,467,2026-05-31 07:07:04,2026-05-31 07:27:04,direct,gsf52965cf
861,186,2026-04-27 11:36:07,2026-04-27 11:51:07,youtube,gs18108640
862,895,2026-04-15 13:13:00,2026-04-15 13:48:00,instagram,ifb230e2e6
863,1839,2026-04-09 12:27:00,2026-04-09 12:51:00,organic,gsf52965cf
864,1104,2026-05-07 17:24:08,2026-05-07 18:13:08,youtube,gd9888557d
865,1231,2026-05-11 20:31:58,2026-05-11 20:48:58,email,gs16f98c5b
866,693,2026-05-27 21:29:11,2026-05-27 22:11:11,direct,gs6c3ffae2
867,969,2026-05-17 11:36:43,2026-05-17 12:31:43,linkedin,fs22e759bc
868,1674,2026-04-14 12:26:36,2026-04-14 13:06:36,organic,gdf3bcedad
869,198,2026-05-23 09:32:39,2026-05-23 10:01:39,direct,gd11b8fa3f
870,1310,2026-05-24 12:23:33,2026-05-24 13:09:33,bing,gs1df9cfa5
871,106,2026-05-28 18:22:45,2026-05-28 18:50:45,youtube,gs85f4805b
872,1618,2026-05-28 06:23:48,2026-05-28 07:05:48,instagram,if49455ea0
873,1131,2026-04-10 12:42:53,2026-04-10 12:56:53,organic,gsc6e85aa6
874,1581,2026-05-20 16:46:30,2026-05-20 17:06:30,youtube,gsddce5fe3
875,110,2026-05-15 15:05:15,2026-05-15 15:35:15,direct,gsc1cde449
876,1340,2026-06-02 13:09:31,2026-06-02 13:19:31,facebook,fsa0d2533b
877,951,2026-05-02 09:36:39,2026-05-02 09:59:39,bing,gscfc24b5a
878,189,2026-05-26 11:01:18,2026-05-26 11:39:18,linkedin,fs09f02481
879,781,2026-05-31 15:50:14,2026-05-31 16:40:14,instagram,is21a2346d
880,1008,2026-04-18 09:23:36,2026-04-18 10:04:36,facebook,fv59827849
881,266,2026-06-03 22:35:02,2026-06-03 22:48:02,facebook,fs010e568e
882,1647,2026-05-15 17:19:28,2026-05-15 17:34:28,twitter,ffcca59dbf
883,242,2026-04-14 09:30:45,2026-04-14 10:21:45,instagram,ifa6eb0038
884,137,2026-04-03 12:27:13,2026-04-03 13:26:13,direct,gd3d175643
885,1322,2026-05-16 05:41:32,2026-05-16 06:18:32,linkedin,fvfe4b8afc
886,773,2026-05-17 11:34:07,2026-05-17 12:23:07,direct,gdf41431a3
887,277,2026-04-16 14:41:08,2026-04-16 15:41:08,instagram,isa8ad3b6f
888,113,2026-05-16 12:25:57,2026-05-16 12:54:57,twitter,ff3ac38dc0
889,193,2026-04-04 06:46:00,2026-04-04 07:20:00,youtube,gs703db423
890,1507,2026-04-04 00:47:43,2026-04-04 01:30:43,email,gs382ef7e3
891,1343,2026-05-01 15:59:46,2026-05-01 16:42:46,youtube,gs55c170a6
892,1307,2026-04-25 09:29:54,2026-04-25 10:18:54,organic,gsdcf7f8f7
893,1561,2026-05-19 14:44:06,2026-05-19 15:04:06,organic,gs6661f2e8
894,643,2026-05-29 15:33:05,2026-05-29 15:57:05,google,gdb74814a1
895,1663,2026-05-08 09:08:25,2026-05-08 09:12:25,organic,gsd5e5d168
896,1876,2026-05-02 12:52:24,2026-05-02 12:59:24,direct,gs55c170a6
897,884,2026-04-04 08:20:35,2026-04-04 09:13:35,youtube,gdb8fefd9b
898,738,2026-04-15 05:48:48,2026-04-15 06:42:48,twitter,fs550223c5
899,1111,2026-04-07 15:07:14,2026-04-07 15:54:14,direct,gd2748153f
900,489,2026-05-23 16:34:53,2026-05-23 17:23:53,email,gscfc24b5a
901,34,2026-05-07 07:51:27,2026-05-07 07:55:27,twitter,fs35bdb6fd
902,814,2026-05-28 10:40:11,2026-05-28 10:57:11,linkedin,ffe828ab30
903,1665,2026-05-02 09:19:16,2026-05-02 09:38:16,bing,gd45556a06
904,271,2026-05-29 14:28:32,2026-05-29 14:31:32,bing,gsb17cd98b
905,1992,2026-06-03 05:25:38,2026-06-03 05:54:38,direct,gd3f1a136e
906,1003,2026-05-08 10:23:18,2026-05-08 10:44:18,direct,gs8cf66652
907,1131,2026-04-10 06:35:50,2026-04-10 06:56:50,email,gs417306ef
908,552,2026-05-29 17:14:20,2026-05-29 17:31:20,organic,gd29a0c4b1
909,119,2026-05-10 11:27:54,2026-05-10 11:46:54,organic,gd45556a06
910,405,2026-05-30 06:40:21,2026-05-30 07:16:21,instagram,isc23b3b52
911,1004,2026-05-12 12:35:14,2026-05-12 12:56:14,email,gsa3f528ce
912,1754,2026-05-24 09:14:03,2026-05-24 09:35:03,facebook,ff3d882395
913,1827,2026-05-13 04:52:17,2026-05-13 04:58:17,bing,gs2666456a
914,865,2026-04-12 09:22:04,2026-04-12 09:54:04,instagram,is140f4b5e
915,1746,2026-05-18 15:14:02,2026-05-18 15:22:02,youtube,gs52af8fc7
916,167,2026-05-10 12:19:45,2026-05-10 12:25:45,instagram,isf59fb923
917,1216,2026-04-20 18:37:46,2026-04-20 18:56:46,direct,gs79832b41
918,907,2026-04-05 12:15:47,2026-04-05 13:03:47,bing,gs6661f2e8
919,62,2026-05-14 12:20:45,2026-05-14 13:13:45,google,gd3ae4cfd8
920,796,2026-05-26 12:53:05,2026-05-26 13:38:05,twitter,fs924a15c8
921,566,2026-05-25 21:18:50,2026-05-25 22:17:50,google,gs3d92561d
922,741,2026-06-03 09:04:07,2026-06-03 09:40:07,direct,gs73620c04
923,1711,2026-05-26 13:31:18,2026-05-26 13:42:18,facebook,ffe590c82a
924,1915,2026-05-11 07:30:07,2026-05-11 08:04:07,youtube,gd45556a06
925,1745,2026-04-20 20:31:32,2026-04-20 21:10:32,twitter,fvb849c6c8
926,666,2026-04-07 12:02:33,2026-04-07 12:07:33,organic,gsfef4e77c
927,1321,2026-04-29 08:06:06,2026-04-29 08:57:06,bing,gs52af8fc7
928,585,2026-04-14 12:54:40,2026-04-14 13:19:40,twitter,fs41386e37
929,631,2026-04-06 17:25:10,2026-04-06 17:54:10,direct,gsbdd1b3c5
930,861,2026-05-01 17:20:35,2026-05-01 18:02:35,twitter,fv67840e75
931,1890,2026-05-07 15:55:17,2026-05-07 16:26:17,direct,gs150569f3
932,105,2026-04-29 18:25:55,2026-04-29 18:44:55,youtube,gda514fc4b
933,1072,2026-05-22 08:46:22,2026-05-22 09:04:22,organic,gd3ae4cfd8
934,201,2026-05-07 07:52:44,2026-05-07 08:00:44,facebook,ffbe95e895
935,466,2026-05-20 13:00:18,2026-05-20 13:04:18,instagram,ir8ca917ee
936,1752,2026-05-28 14:52:12,2026-05-28 15:48:12,direct,gseff45e37
937,1672,2026-06-03 04:30:44,2026-06-03 05:15:44,direct,gs141cbb0b
938,977,2026-04-29 06:35:52,2026-04-29 06:53:52,bing,gdcf5b53d8
939,83,2026-05-14 13:08:55,2026-05-14 13:23:55,google,gsa7d90c15
940,1566,2026-04-20 10:30:48,2026-04-20 11:28:48,organic,gdaeec3479
941,1628,2026-04-04 11:38:37,2026-04-04 11:42:37,direct,gda5e5bd3b
942,1095,2026-05-28 11:34:00,2026-05-28 11:56:00,google,gd3d175643
943,1238,2026-05-07 09:29:37,2026-05-07 09:59:37,facebook,fvbf01eeb8
944,421,2026-04-16 19:09:27,2026-04-16 19:32:27,twitter,ffe590c82a
945,115,2026-04-16 16:41:41,2026-04-16 17:15:41,youtube,gs057bb3c2
946,104,2026-04-14 11:43:29,2026-04-14 12:17:29,google,gd3ae4cfd8
947,1916,2026-05-21 06:35:08,2026-05-21 07:14:08,twitter,fv66fa8d0a
948,1152,2026-05-31 05:19:05,2026-05-31 06:02:05,facebook,fv577c9621
949,691,2026-05-31 11:28:25,2026-05-31 12:21:25,instagram,if67d02f7f
950,1561,2026-05-31 09:08:39,2026-05-31 09:17:39,bing,gs6c3ffae2
951,1373,2026-05-11 13:26:48,2026-05-11 14:09:48,google,gs6661f2e8
952,1309,2026-04-13 17:10:45,2026-04-13 17:55:45,linkedin,ffcc502a76
953,200,2026-05-06 16:55:50,2026-05-06 17:40:50,linkedin,ffe828ab30
954,1837,2026-05-14 16:37:01,2026-05-14 17:19:01,instagram,ir175dad55
955,821,2026-04-06 18:36:31,2026-04-06 19:04:31,direct,gs6661f2e8
956,2000,2026-04-27 18:33:33,2026-04-27 19:26:33,linkedin,fsf82f8610
957,1058,2026-04-12 09:54:40,2026-04-12 10:12:40,linkedin,fs22e759bc
958,28,2026-05-28 05:01:12,2026-05-28 05:44:12,youtube,gd177f3f85
959,461,2026-04-22 10:36:04,2026-04-22 10:40:04,youtube,gd479f7275
960,864,2026-05-18 09:06:13,2026-05-18 09:58:13,direct,gs703db423
961,269,2026-05-22 16:01:58,2026-05-22 16:44:58,instagram,if49455ea0
962,1772,2026-04-16 16:15:42,2026-04-16 16:24:42,email,gs4414e1c9
963,1492,2026-05-05 16:51:52,2026-05-05 16:54:52,linkedin,ff5576c08c
964,38,2026-05-31 09:59:33,2026-05-31 10:58:33,facebook,ff123fd9af
965,674,2026-04-12 11:58:44,2026-04-12 12:32:44,youtube,gs1c8131ed
966,698,2026-04-05 08:30:22,2026-04-05 08:34:22,linkedin,fs35bdb6fd
967,728,2026-05-03 04:13:22,2026-05-03 04:22:22,google,gs18108640
968,361,2026-05-25 15:27:59,2026-05-25 16:26:59,youtube,gd11b8fa3f
969,1638,2026-05-30 11:02:42,2026-05-30 11:12:42,instagram,isda070da7
970,565,2026-05-28 13:43:29,2026-05-28 13:55:29,direct,gdf3bcedad
971,1998,2026-05-22 13:23:46,2026-05-22 13:26:46,youtube,gs7c07bab1
972,611,2026-04-25 16:36:55,2026-04-25 17:14:55,organic,gdfccc94c9
973,519,2026-04-03 13:41:33,2026-04-03 14:02:33,youtube,gsf0f07fbf
974,1981,2026-05-29 11:35:18,2026-05-29 12:29:18,direct,gdaf45584b
975,5,2026-05-28 08:57:37,2026-05-28 09:45:37,bing,gdf9217ff8
976,511,2026-04-06 19:55:56,2026-04-06 20:42:56,email,gsbf0f8dc1
977,1568,2026-04-22 14:38:15,2026-04-22 15:23:15,instagram,isf1757810
978,840,2026-05-01 22:15:34,2026-05-01 22:23:34,bing,gd84fefa02
979,1699,2026-05-07 11:13:34,2026-05-07 11:43:34,google,gs73620c04
980,836,2026-05-11 13:00:32,2026-05-11 13:04:32,instagram,is9b1db87a
981,156,2026-04-22 07:05:30,2026-04-22 07:28:30,organic,gsf0f07fbf
982,863,2026-04-04 18:59:12,2026-04-04 19:29:12,bing,gs9902a744
983,546,2026-04-19 15:50:41,2026-04-19 15:53:41,google,gd4f683553
984,102,2026-05-04 10:39:38,2026-05-04 10:52:38,direct,gs0ada53c0
985,10,2026-04-18 05:45:13,2026-04-18 06:10:13,email,gsbf0f8dc1
986,738,2026-04-17 05:07:13,2026-04-17 06:02:13,instagram,ir98a257f7
987,683,2026-05-22 04:29:43,2026-05-22 05:09:43,google,gs703db423
988,1977,2026-04-23 21:34:07,2026-04-23 21:38:07,bing,gd95e98eef
989,610,2026-05-27 14:23:46,2026-05-27 15:08:46,organic,gscbb7f36c
990,1121,2026-05-28 15:00:59,2026-05-28 15:38:59,youtube,gs44509097
991,1258,2026-04-19 11:10:51,2026-04-19 11:42:51,instagram,if76712922
992,125,2026-04-30 11:05:50,2026-04-30 11:55:50,organic,gseff45e37
993,453,2026-04-26 19:14:33,2026-04-26 19:49:33,youtube,gs185f3e0a
994,1294,2026-04-20 07:51:53,2026-04-20 08:26:53,bing,gda514fc4b
995,409,2026-04-18 10:45:32,2026-04-18 11:40:32,email,gs2be59424
996,1420,2026-05-12 07:50:49,2026-05-12 08:06:49,instagram,ifdd18e1ec
997,1800,2026-05-26 11:18:07,2026-05-26 12:04:07,twitter,fs527fe0fc
998,702,2026-04-11 19:51:35,2026-04-11 20:49:35,direct,gs705ccfe7
999,1665,2026-04-09 13:54:35,2026-04-09 14:38:35,google,gse03883d9
1000,1805,2026-05-18 22:05:02,2026-05-18 22:32:02,bing,gs435aea7d
1001,1276,2026-04-27 06:17:05,2026-04-27 07:08:05,direct,gs1b0a4634
1002,1543,2026-05-13 15:03:01,2026-05-13 15:44:01,instagram,isefc74e0b
1003,1879,2026-04-25 10:39:49,2026-04-25 10:42:49,organic,gs2be59424
1004,1968,2026-04-05 10:03:51,2026-04-05 10:32:51,twitter,fvdeab1885
1005,857,2026-05-20 06:20:50,2026-05-20 07:00:50,organic,gd8ed02006
1006,266,2026-04-19 13:43:14,2026-04-19 14:41:14,youtube,gd71772991
1007,681,2026-05-10 18:20:26,2026-05-10 18:56:26,email,gsc7dc71a6
1008,1015,2026-05-28 13:27:51,2026-05-28 14:14:51,email,gs03051add
1009,1220,2026-04-18 13:26:38,2026-04-18 13:37:38,youtube,gd12862f2a
1010,272,2026-05-28 06:36:58,2026-05-28 06:40:58,linkedin,fv2e72e922
1011,577,2026-04-22 07:01:00,2026-04-22 07:14:00,google,gs8cf66652
1012,700,2026-05-08 09:44:32,2026-05-08 10:20:32,direct,gd8ed02006
1013,805,2026-05-18 13:44:35,2026-05-18 13:56:35,facebook,fv0855cee9
1014,201,2026-05-03 13:03:15,2026-05-03 13:07:15,linkedin,fvc29eaa99
1015,1362,2026-04-15 09:00:19,2026-04-15 09:24:19,youtube,gs8bcda9d1
1016,1562,2026-05-06 14:22:05,2026-05-06 14:39:05,linkedin,fv5228f354
1017,906,2026-05-28 18:51:02,2026-05-28 19:30:02,direct,gsc7dc71a6
1018,1926,2026-04-23 00:43:21,2026-04-23 00:51:21,direct,gd63d2cdcd
1019,1207,2026-05-26 12:06:41,2026-05-26 12:30:41,direct,gs057bb3c2
1020,1687,2026-04-12 17:59:59,2026-04-12 18:06:59,youtube,gs11906d7e
1021,1900,2026-04-28 17:25:56,2026-04-28 17:36:56,twitter,fs35bdb6fd
1022,15,2026-04-06 12:40:19,2026-04-06 13:31:19,google,gs62fe5bbc
1023,1181,2026-05-18 07:06:56,2026-05-18 07:11:56,linkedin,ff346bcde7
1024,1866,2026-05-13 08:18:28,2026-05-13 08:57:28,instagram,if54e6c3e0
1025,588,2026-04-18 13:18:44,2026-04-18 13:58:44,google,gs72c1572d
1026,1302,2026-05-10 21:58:04,2026-05-10 22:02:04,organic,gs750f4e08
1027,769,2026-04-18 17:41:06,2026-04-18 18:20:06,bing,gd0d58342c
1028,529,2026-05-17 19:32:54,2026-05-17 19:41:54,organic,gsd5e5d168
1029,620,2026-05-31 15:34:59,2026-05-31 15:46:59,email,gs150569f3
1030,55,2026-04-23 11:36:40,2026-04-23 12:30:40,linkedin,fs7dc47016
1031,1398,2026-04-13 15:12:26,2026-04-13 15:52:26,direct,gse73613de
1032,1824,2026-05-24 13:31:19,2026-05-24 14:06:19,email,gd9888557d
1033,940,2026-05-02 22:56:35,2026-05-02 23:39:35,bing,gs4fc93533
1034,1337,2026-05-14 22:01:17,2026-05-14 22:58:17,bing,gd11b8fa3f
1035,1101,2026-04-11 09:12:24,2026-04-11 10:04:24,organic,gs47dd3ba3
1036,676,2026-04-27 06:57:48,2026-04-27 07:00:48,youtube,gsbb29822d
1037,1441,2026-04-15 21:58:01,2026-04-15 22:45:01,organic,gs8bcda9d1
1038,1165,2026-05-08 16:16:44,2026-05-08 16:52:44,twitter,fff607030e
1039,380,2026-04-08 10:29:59,2026-04-08 10:46:59,twitter,fsbd27818a
1040,1467,2026-04-16 07:09:33,2026-04-16 08:07:33,email,gsbf0f8dc1
1041,298,2026-04-05 11:09:26,2026-04-05 11:47:26,email,gsaa0225ea
1042,1231,2026-05-25 09:34:37,2026-05-25 09:54:37,twitter,fs9b9c5a50
1043,799,2026-05-10 10:44:50,2026-05-10 10:59:50,google,gd29a0c4b1
1044,975,2026-04-07 14:11:39,2026-04-07 14:30:39,email,gs759c6e20
1045,1404,2026-05-16 08:29:26,2026-05-16 08:32:26,instagram,ifeb93ce00
1046,971,2026-04-07 07:33:03,2026-04-07 07:49:03,twitter,ffb6b2c161
1047,3,2026-05-31 14:53:11,2026-05-31 14:57:11,bing,gs47dd3ba3
1048,606,2026-04-20 08:28:22,2026-04-20 09:14:22,facebook,fs6c9ada96
1049,20,2026-05-27 07:02:18,2026-05-27 07:27:18,organic,gs526dc125
1050,1914,2026-05-27 11:57:11,2026-05-27 12:57:11,facebook,ff3b511c5b
1051,1698,2026-06-01 12:52:49,2026-06-01 13:00:49,bing,gs6c3ffae2
1052,1052,2026-04-03 17:20:03,2026-04-03 18:13:03,google,gdf5db1a64
1053,1338,2026-04-12 16:10:01,2026-04-12 16:19:01,linkedin,ff0e17ed0a
1054,632,2026-05-18 15:35:20,2026-05-18 16:26:20,direct,gs99adac5a
1055,1856,2026-04-20 07:23:16,2026-04-20 07:35:16,linkedin,fv1d2975e7
1056,116,2026-04-06 13:05:39,2026-04-06 13:10:39,instagram,ir1b7c39f9
1057,1880,2026-05-16 11:56:33,2026-05-16 12:33:33,organic,gs1fef2161
1058,1081,2026-04-25 09:41:26,2026-04-25 09:49:26,google,gs7c07bab1
1059,1908,2026-05-16 10:14:25,2026-05-16 11:08:25,youtube,gs435aea7d
1060,1561,2026-05-13 09:13:45,2026-05-13 10:13:45,facebook,fv25425edb
1061,557,2026-04-15 10:32:19,2026-04-15 11:19:19,youtube,gd01780ced
1062,1679,2026-04-12 05:35:47,2026-04-12 05:42:47,email,gs2be59424
1063,783,2026-05-04 21:20:37,2026-05-04 21:56:37,email,gs8b73abf9
1064,1788,2026-05-23 09:18:30,2026-05-23 09:24:30,facebook,fseede9630
1065,800,2026-05-26 14:59:57,2026-05-26 15:34:57,facebook,fvef97305f
1066,1705,2026-04-18 01:19:29,2026-04-18 02:12:29,organic,gdcce12d21
1067,1048,2026-04-10 15:14:30,2026-04-10 15:40:30,youtube,gs6c3ffae2
1068,823,2026-04-16 16:13:06,2026-04-16 16:55:06,google,gs057bb3c2
1069,1357,2026-04-15 04:08:48,2026-04-15 04:35:48,facebook,fs35bdb6fd
1070,1633,2026-05-28 08:39:46,2026-05-28 08:50:46,organic,gs1df9cfa5
1071,1263,2026-05-25 21:32:13,2026-05-25 22:31:13,facebook,fved098e15
1072,938,2026-06-01 14:51:58,2026-06-01 14:54:58,organic,gsb806a315
1073,565,2026-04-10 05:46:55,2026-04-10 05:49:55,youtube,gdae58af70
1074,843,2026-04-20 14:19:58,2026-04-20 14:52:58,organic,gd3d175643
1075,982,2026-05-10 12:44:26,2026-05-10 12:49:26,youtube,gd12862f2a
1076,1983,2026-04-19 10:10:58,2026-04-19 10:50:58,google,gs417306ef
1077,1262,2026-05-02 10:01:35,2026-05-02 10:23:35,email,gs72c1572d
1078,1746,2026-04-07 03:55:10,2026-04-07 04:00:10,linkedin,fs35bdb6fd
1079,1586,2026-04-18 13:07:24,2026-04-18 13:55:24,email,gdf9217ff8
1080,442,2026-05-15 12:59:35,2026-05-15 13:22:35,facebook,fsd434eb82
1081,1928,2026-05-31 20:16:52,2026-05-31 20:50:52,instagram,if7586314c
1082,751,2026-05-05 11:45:04,2026-05-05 12:27:04,google,gsed3d4c05
1083,252,2026-04-25 14:15:48,2026-04-25 14:30:48,bing,gs3e590308
1084,1625,2026-05-06 15:06:32,2026-05-06 15:09:32,instagram,if983fee3a
1085,1901,2026-04-06 09:17:55,2026-04-06 10:05:55,email,gsb806a315
1086,128,2026-04-27 11:05:58,2026-04-27 11:44:58,organic,gs4414e1c9
1087,98,2026-05-30 06:27:18,2026-05-30 06:58:18,bing,gs39f432a1
1088,794,2026-04-04 07:43:42,2026-04-04 08:41:42,facebook,ff0e17ed0a
1089,139,2026-04-29 08:54:43,2026-04-29 09:45:43,instagram,irc0b9af9d
1090,885,2026-05-28 09:09:06,2026-05-28 09:44:06,email,gda4bbda1d
1091,861,2026-05-06 15:29:21,2026-05-06 16:18:21,email,gd479f7275
1092,1960,2026-05-18 20:21:12,2026-05-18 20:58:12,bing,gs92d3693c
1093,152,2026-04-11 08:16:43,2026-04-11 08:54:43,youtube,gd75c08b50
1094,1192,2026-05-11 11:05:18,2026-05-11 11:24:18,email,gs9d539b25
1095,1568,2026-05-22 14:45:05,2026-05-22 15:19:05,facebook,fsa0d2533b
1096,824,2026-05-25 20:39:48,2026-05-25 21:06:48,instagram,ir32986677
1097,1737,2026-05-20 06:27:58,2026-05-20 06:55:58,email,gsb17cd98b
1098,1390,2026-04-07 00:20:26,2026-04-07 01:18:26,facebook,ffe828ab30
1099,1571,2026-05-31 16:06:34,2026-05-31 16:59:34,youtube,gd8ed02006
1100,1631,2026-04-09 13:41:33,2026-04-09 14:11:33,organic,gd12862f2a
1101,188,2026-06-02 05:28:54,2026-06-02 05:51:54,facebook,fvdd6bd668
1102,1176,2026-04-27 21:18:17,2026-04-27 21:43:17,google,gsb27a7ee4
1103,1922,2026-05-30 11:31:59,2026-05-30 11:44:59,google,gs2be59424
1104,1336,2026-06-03 05:45:59,2026-06-03 05:54:59,direct,gsdcf7f8f7
1105,1443,2026-04-18 15:25:47,2026-04-18 15:45:47,google,gs417306ef
1106,361,2026-05-03 13:59:32,2026-05-03 14:04:32,google,gd11b8fa3f
1107,1012,2026-05-17 17:25:11,2026-05-17 17:51:11,google,gs9d539b25
1108,1123,2026-05-06 11:50:50,2026-05-06 12:28:50,instagram,if98786c41
1109,1861,2026-04-18 17:37:24,2026-04-18 18:00:24,facebook,fs60b5b879
1110,1765,2026-06-01 12:13:25,2026-06-01 12:48:25,organic,gd6f62c6e0
1111,163,2026-05-22 13:54:28,2026-05-22 14:52:28,twitter,fs11f27eb7
1112,1219,2026-05-03 18:51:57,2026-05-03 19:41:57,linkedin,fs64605cba
1113,723,2026-06-03 20:38:23,2026-06-03 21:02:23,youtube,gs111f07cc
1114,1660,2026-04-16 05:22:19,2026-04-16 05:39:19,instagram,is51ef4135
1115,1933,2026-05-19 13:33:05,2026-05-19 13:55:05,instagram,isda070da7
1116,308,2026-05-04 13:40:23,2026-05-04 13:56:23,email,gs79832b41
1117,1272,2026-06-02 20:05:07,2026-06-02 20:50:07,twitter,fs09f02481
1118,1332,2026-05-20 10:04:00,2026-05-20 10:39:00,email,gscd2b59c1
1119,1007,2026-05-28 06:48:49,2026-05-28 07:21:49,bing,gs8bcda9d1
1120,803,2026-04-14 13:33:45,2026-04-14 14:28:45,google,gd61164a85
1121,1987,2026-04-15 22:04:43,2026-04-15 22:27:43,google,gs45a197ab
1122,158,2026-04-05 11:47:02,2026-04-05 12:18:02,email,gd786998c1
1123,1947,2026-05-15 05:08:53,2026-05-15 05:26:53,email,gs9902a744
1124,612,2026-05-15 13:31:54,2026-05-15 14:09:54,google,gs1c8131ed
1125,650,2026-05-19 20:56:05,2026-05-19 21:27:05,instagram,ir5714d38c
1126,42,2026-04-04 09:28:01,2026-04-04 09:58:01,facebook,fsa97ae14a
1127,513,2026-05-11 08:03:48,2026-05-11 09:02:48,bing,gsfef4e77c
1128,634,2026-04-28 13:54:25,2026-04-28 14:28:25,google,gs55c170a6
1129,794,2026-04-03 18:21:20,2026-04-03 18:52:20,organic,gs4fc93533
1130,519,2026-05-27 14:40:09,2026-05-27 15:24:09,facebook,fs9f69eef4
1131,1979,2026-04-25 18:28:35,2026-04-25 19:26:35,linkedin,ffb1a901f3
1132,550,2026-04-03 04:25:43,2026-04-03 05:15:43,organic,gs0aee06ce
1133,499,2026-04-18 10:14:51,2026-04-18 10:34:51,organic,gs8bcda9d1
1134,1049,2026-05-17 13:36:43,2026-05-17 14:21:43,twitter,ff0e17ed0a
1135,980,2026-05-20 14:14:34,2026-05-20 15:11:34,facebook,fv8d711614
1136,237,2026-06-02 10:03:28,2026-06-02 10:21:28,google,gsbc229f1f
1137,1714,2026-05-12 17:10:13,2026-05-12 17:16:13,linkedin,fsbd27818a
1138,1635,2026-05-02 13:01:37,2026-05-02 13:40:37,organic,gd0d58342c
1139,1917,2026-04-21 10:39:28,2026-04-21 10:43:28,email,gdae58af70
1140,319,2026-04-17 20:26:26,2026-04-17 20:44:26,youtube,gs16f98c5b
1141,691,2026-05-18 17:35:48,2026-05-18 18:08:48,instagram,if93802c81
1142,309,2026-04-08 12:52:07,2026-04-08 13:27:07,twitter,ffc59347df
1143,136,2026-05-23 15:42:40,2026-05-23 16:42:40,linkedin,fs9b9c5a50
